Workbook
Name ANALISE2: #REF!
Name ANALISE2: #REF!
Name ANALISE2: #REF!
Name ANALISE2: #REF!
Name ANALISE2: #REF!
Name ANALISE2: #REF!
Name CalendárioAno1: #REF!
Name CalendárioAno1: #REF!
Name CalendárioAno1: #REF!
Name CalendárioAno1: #REF!
Name CalendárioAno10: #REF!
Name CalendárioAno10: #REF!
Name CalendárioAno10: #REF!
Name CalendárioAno10: #REF!
Name CalendárioAno11: #REF!
Name CalendárioAno11: #REF!
Name CalendárioAno11: #REF!
Name CalendárioAno11: #REF!
Name CalendárioAno12: #REF!
Name CalendárioAno12: #REF!
Name CalendárioAno12: #REF!
Name CalendárioAno12: #REF!
Name CalendárioAno2: #REF!
Name CalendárioAno2: #REF!
Name CalendárioAno2: #REF!
Name CalendárioAno2: #REF!
Name CalendárioAno3: #REF!
Name CalendárioAno3: #REF!
Name CalendárioAno3: #REF!
Name CalendárioAno3: #REF!
Name CalendárioAno4: #REF!
Name CalendárioAno4: #REF!
Name CalendárioAno4: #REF!
Name CalendárioAno4: #REF!
Name CalendárioAno5: #REF!
Name CalendárioAno5: #REF!
Name CalendárioAno5: #REF!
Name CalendárioAno5: #REF!
Name CalendárioAno6: #REF!
Name CalendárioAno6: #REF!
Name CalendárioAno6: #REF!
Name CalendárioAno6: #REF!
Name CalendárioAno7: #REF!
Name CalendárioAno7: #REF!
Name CalendárioAno7: #REF!
Name CalendárioAno7: #REF!
Name CalendárioAno8: #REF!
Name CalendárioAno8: #REF!
Name CalendárioAno8: #REF!
Name CalendárioAno8: #REF!
Name CalendárioAno9: #REF!
Name CalendárioAno9: #REF!
Name CalendárioAno9: #REF!
Name CalendárioAno9: #REF!
Name CaléndárioMês1: #REF!
Name CaléndárioMês1: #REF!
Name CaléndárioMês1: #REF!
Name CaléndárioMês1: #REF!
Name CaléndárioMês10: #REF!
Name CaléndárioMês10: #REF!

Sheet METAS -  SOBRAL
B2: VENDAS - METAS INDIVIDUAIS
B3: META MÍNIMA | C3: TOP 1 | D3: TOP 2 | E3: MASTER
B4: =VENDAS_VENDEDOR!J3 -> 20000 | C4: =VENDAS_VENDEDOR!K3 -> 26000 | D4: =VENDAS_VENDEDOR!L3 -> 32000 | E4: =VENDAS_VENDEDOR!M3 -> 36000
B6: VENDAS - ONLINE
B7: META MÍNIMA | C7: TOP 1 | D7: TOP 2 | E7: MASTER
B8: =VENDAS_VENDEDOR!O3 -> 22000 | C8: =VENDAS_VENDEDOR!P3 -> 28000 | D8: =VENDAS_VENDEDOR!Q3 -> 34000 | E8: =VENDAS_VENDEDOR!R3 -> 40000
B10: MÍNIMO
B11: MÍNIMA | C11: =H32 -> TOTAL
B12: SEMANA 1 | E12: SEMANA 2 | H12: SEMANA 3
B13: DOMINGO | C13: =SOBRAL!O37 | E13: DOMINGO | F13: =SOBRAL!R37 | H13: DOMINGO | I13: =SOBRAL!U37
B14: SEGUNDA-FEIRA | C14: =SOBRAL!O38 | E14: SEGUNDA-FEIRA | F14: =SOBRAL!R38 -> 4767.5176 | H14: SEGUNDA-FEIRA | I14: =SOBRAL!U38 -> 4767.5176
B15: TERÇA-FEIRA | C15: =SOBRAL!O39 | E15: TERÇA-FEIRA | F15: =SOBRAL!R39 -> 4768.9338 | H15: TERÇA-FEIRA | I15: =SOBRAL!U39 -> 4768.9338
B16: QUARTA-FEIRA | C16: =SOBRAL!O40 | E16: QUARTA-FEIRA | F16: =SOBRAL!R40 -> 5654.3789 | H16: QUARTA-FEIRA | I16: =SOBRAL!U40 -> 5654.3789
B17: QUINTA-FEIRA | C17: =SOBRAL!O41 | E17: QUINTA-FEIRA | F17: =SOBRAL!R41 -> 7079.689 | H17: QUINTA-FEIRA | I17: =SOBRAL!U41 -> 7079.689
B18: SEXTA-FEIRA | C18: =SOBRAL!O42 | E18: SEXTA-FEIRA | F18: =SOBRAL!R42 -> 6550.0506 | H18: SEXTA-FEIRA | I18: =SOBRAL!U42 -> 6550.0506
B19: SÁBADO | C19: =SOBRAL!O43 -> 4943.544 | E19: SÁBADO | F19: =SOBRAL!R43 -> 4943.544 | H19: SÁBADO | I19: =SOBRAL!U43 -> 4943.544
B21: TOTAL | C21: =SUM(C14:C19) -> 4943.544 | E21: TOTAL | F21: =SUM(F14:F19) -> 33764.114 | H21: TOTAL | I21: =SUM(I14:I19) -> 33764.114
B23: SEMANA 4 | E23: SEMANA 5 | H23: SEMANA 6
B24: DOMINGO | C24: =SOBRAL!O48 -> 0 | E24: DOMINGO | F24: =SOBRAL!R48 -> 0 | H24: DOMINGO | I24: =SOBRAL!U48 -> 0
B25: SEGUNDA-FEIRA | C25: =SOBRAL!O49 -> 4767.5176 | E25: SEGUNDA-FEIRA | F25: =SOBRAL!R49 -> 4767.5176 | H25: SEGUNDA-FEIRA | I25: =SOBRAL!U49
B26: TERÇA-FEIRA | C26: =SOBRAL!O50 -> 4768.9338 | E26: TERÇA-FEIRA | F26: =SOBRAL!R50 -> 4768.9338 | H26: TERÇA-FEIRA | I26: =SOBRAL!U50
B27: QUARTA-FEIRA | C27: =SOBRAL!O51 -> 5654.3789 | E27: QUARTA-FEIRA | F27: =SOBRAL!R51 -> 5654.3789 | H27: QUARTA-FEIRA | I27: =SOBRAL!U51
B28: QUINTA-FEIRA | C28: =SOBRAL!O52 -> 7079.689 | E28: QUINTA-FEIRA | F28: =SOBRAL!R52 -> 7079.689 | H28: QUINTA-FEIRA | I28: =SOBRAL!U52
B29: SEXTA-FEIRA | C29: =SOBRAL!O53 -> 6550.0506 | E29: SEXTA-FEIRA | F29: =SOBRAL!R53 -> 6550.0506 | H29: SEXTA-FEIRA | I29: =SOBRAL!U53
B30: SÁBADO | C30: =SOBRAL!O54 -> 4943.544 | E30: SÁBADO | F30: =SOBRAL!R54 -> 4943.544 | H30: SÁBADO | I30: =SOBRAL!U54
B32: TOTAL | C32: =SUM(C25:C30) -> 33764.114 | E32: TOTAL | F32: =SUM(F25:F30) -> 33764.114 | H32: TOTAL | I32: =SUM(I25:I30) -> 0
H33: TOTAL DO MÊS | I33: =C21+F21+I21+C32+F32+I32 -> 140000
B34: TOP 1
B35: TOP 1 | C35: =H56 -> TOTAL
B36: SEMANA 1 | E36: SEMANA 2 | H36: SEMANA 3
B37: DOMINGO | C37: =SOBRAL!Y37 | E37: DOMINGO | F37: =SOBRAL!AB37 | H37: DOMINGO | I37: =SOBRAL!AE37
B38: SEGUNDA-FEIRA | C38: =SOBRAL!Y38 | E38: SEGUNDA-FEIRA | F38: =SOBRAL!AB38 -> 5789.1286 | H38: SEGUNDA-FEIRA | I38: =SOBRAL!AE38 -> 5789.1286
B39: TERÇA-FEIRA | C39: =SOBRAL!Y39 | E39: TERÇA-FEIRA | F39: =SOBRAL!AB39 -> 5790.8482 | H39: TERÇA-FEIRA | I39: =SOBRAL!AE39 -> 5790.8482
B40: QUARTA-FEIRA | C40: =SOBRAL!Y40 | E40: QUARTA-FEIRA | F40: =SOBRAL!AB40 -> 6866.0315 | H40: QUARTA-FEIRA | I40: =SOBRAL!AE40 -> 6866.0315
B41: QUINTA-FEIRA | C41: =SOBRAL!Y41 | E41: QUINTA-FEIRA | F41: =SOBRAL!AB41 -> 8596.7652 | H41: QUINTA-FEIRA | I41: =SOBRAL!AE41 -> 8596.7652
B42: SEXTA-FEIRA | C42: =SOBRAL!Y42 | E42: SEXTA-FEIRA | F42: =SOBRAL!AB42 -> 7953.6329 | H42: SEXTA-FEIRA | I42: =SOBRAL!AE42 -> 7953.6329
B43: SÁBADO | C43: =SOBRAL!Y43 -> 6002.8749 | E43: SÁBADO | F43: =SOBRAL!AB43 -> 6002.8749 | H43: SÁBADO | I43: =SOBRAL!AE43 -> 6002.8749
B45: TOTAL | C45: =SUM(C38:C43) -> 6002.8749 | E45: TOTAL | F45: =SUM(F38:F43) -> 40999.281 | H45: TOTAL | I45: =SUM(I38:I43) -> 40999.281
B47: SEMANA 4 | E47: SEMANA 5 | H47: SEMANA 6
B48: DOMINGO | C48: =SOBRAL!Y48 | E48: DOMINGO | F48: =SOBRAL!AB48 | H48: DOMINGO | I48: =SOBRAL!AE48 -> 0
B49: SEGUNDA-FEIRA | C49: =SOBRAL!Y49 -> 5789.1286 | E49: SEGUNDA-FEIRA | F49: =SOBRAL!AB49 -> 5789.1286 | H49: SEGUNDA-FEIRA | I49: =SOBRAL!AE49
B50: TERÇA-FEIRA | C50: =SOBRAL!Y50 -> 5790.8482 | E50: TERÇA-FEIRA | F50: =SOBRAL!AB50 -> 5790.8482 | H50: TERÇA-FEIRA | I50: =SOBRAL!AE50
B51: QUARTA-FEIRA | C51: =SOBRAL!Y51 -> 6866.0315 | E51: QUARTA-FEIRA | F51: =SOBRAL!AB51 -> 6866.0315 | H51: QUARTA-FEIRA | I51: =SOBRAL!AE51
B52: QUINTA-FEIRA | C52: =SOBRAL!Y52 -> 8596.7652 | E52: QUINTA-FEIRA | F52: =SOBRAL!AB52 -> 8596.7652 | H52: QUINTA-FEIRA | I52: =SOBRAL!AE52
B53: SEXTA-FEIRA | C53: =SOBRAL!Y53 -> 7953.6329 | E53: SEXTA-FEIRA | F53: =SOBRAL!AB53 -> 7953.6329 | H53: SEXTA-FEIRA | I53: =SOBRAL!AE53
B54: SÁBADO | C54: =SOBRAL!Y54 -> 6002.8749 | E54: SÁBADO | F54: =SOBRAL!AB54 -> 6002.8749 | H54: SÁBADO | I54: =SOBRAL!AE54
B56: TOTAL | C56: =SUM(C49:C54) -> 40999.281 | E56: TOTAL | F56: =SUM(F49:F54) -> 40999.281 | H56: TOTAL | I56: =SUM(I49:I54) -> 0
H57: TOTAL DO MÊS | I57: =C45+F45+I45+C56+F56+I56 -> 170000
B58: TOP 2
B59: TOP 2 | C59: =H80 -> TOTAL
B60: SEMANA 1 | E60: SEMANA 2 | H60: SEMANA 3
B61: DOMINGO | C61: =SOBRAL!AI37 | E61: DOMINGO | F61: =SOBRAL!AL37 | H61: DOMINGO | I61: =SOBRAL!AO37
B62: SEGUNDA-FEIRA | C62: =SOBRAL!AI38 | E62: SEGUNDA-FEIRA | F62: =SOBRAL!AL38 -> 6810.7395 | H62: SEGUNDA-FEIRA | I62: =SOBRAL!AO38 -> 6810.7395
B63: TERÇA-FEIRA | C63: =SOBRAL!AI39 | E63: TERÇA-FEIRA | F63: =SOBRAL!AL39 -> 6812.7626 | H63: TERÇA-FEIRA | I63: =SOBRAL!AO39 -> 6812.7626
B64: QUARTA-FEIRA | C64: =SOBRAL!AI40 | E64: QUARTA-FEIRA | F64: =SOBRAL!AL40 -> 8077.6841 | H64: QUARTA-FEIRA | I64: =SOBRAL!AO40 -> 8077.6841
B65: QUINTA-FEIRA | C65: =SOBRAL!AI41 | E65: QUINTA-FEIRA | F65: =SOBRAL!AL41 -> 10113.841 | H65: QUINTA-FEIRA | I65: =SOBRAL!AO41 -> 10113.841
B66: SEXTA-FEIRA | C66: =SOBRAL!AI42 | E66: SEXTA-FEIRA | F66: =SOBRAL!AL42 -> 9357.2152 | H66: SEXTA-FEIRA | I66: =SOBRAL!AO42 -> 9357.2152
B67: SÁBADO | C67: =SOBRAL!AI43 -> 7062.2057 | E67: SÁBADO | F67: =SOBRAL!AL43 -> 7062.2057 | H67: SÁBADO | I67: =SOBRAL!AO43 -> 7062.2057
B69: TOTAL | C69: =SUM(C62:C67) -> 7062.2057 | E69: TOTAL | F69: =SUM(F62:F67) -> 48234.449 | H69: TOTAL | I69: =SUM(I62:I67) -> 48234.449
B71: SEMANA 4 | E71: SEMANA 5 | H71: SEMANA 6
B72: DOMINGO | C72: =SOBRAL!AI48 | E72: DOMINGO | F72: =SOBRAL!AL48 | H72: DOMINGO | I72: =SOBRAL!AO48 -> 0
B73: SEGUNDA-FEIRA | C73: =SOBRAL!AI49 -> 6810.7395 | E73: SEGUNDA-FEIRA | F73: =SOBRAL!AL49 -> 6810.7395 | H73: SEGUNDA-FEIRA | I73: =SOBRAL!AO49
B74: TERÇA-FEIRA | C74: =SOBRAL!AI50 -> 6812.7626 | E74: TERÇA-FEIRA | F74: =SOBRAL!AL50 -> 6812.7626 | H74: TERÇA-FEIRA | I74: =SOBRAL!AO50
B75: QUARTA-FEIRA | C75: =SOBRAL!AI51 -> 8077.6841 | E75: QUARTA-FEIRA | F75: =SOBRAL!AL51 -> 8077.6841 | H75: QUARTA-FEIRA | I75: =SOBRAL!AO51
B76: QUINTA-FEIRA | C76: =SOBRAL!AI52 -> 10113.841 | E76: QUINTA-FEIRA | F76: =SOBRAL!AL52 -> 10113.841 | H76: QUINTA-FEIRA | I76: =SOBRAL!AO52
B77: SEXTA-FEIRA | C77: =SOBRAL!AI53 -> 9357.2152 | E77: SEXTA-FEIRA | F77: =SOBRAL!AL53 -> 9357.2152 | H77: SEXTA-FEIRA | I77: =SOBRAL!AO53
B78: SÁBADO | C78: =SOBRAL!AI54 -> 7062.2057 | E78: SÁBADO | F78: =SOBRAL!AL54 -> 7062.2057 | H78: SÁBADO | I78: =SOBRAL!AO54
B80: TOTAL | C80: =SUM(C73:C78) -> 48234.449 | E80: TOTAL | F80: =SUM(F73:F78) -> 48234.449 | H80: TOTAL | I80: =SUM(I73:I78) -> 0
H81: TOTAL DO MÊS | I81: =C69+F69+I69+C80+F80+I80 -> 200000
B82: MASTER
B83: MASTER | C83: =H104 -> TOTAL
B84: SEMANA 1 | E84: SEMANA 2 | H84: SEMANA 3
B85: DOMINGO | C85: =SOBRAL!AS37 | E85: DOMINGO | F85: =SOBRAL!AV37 | H85: DOMINGO | I85: =SOBRAL!AY37
B86: SEGUNDA-FEIRA | C86: =SOBRAL!AS38 | E86: SEGUNDA-FEIRA | F86: =SOBRAL!AV38 -> 7832.3504 | H86: SEGUNDA-FEIRA | I86: =SOBRAL!AY38 -> 7832.3504
B87: TERÇA-FEIRA | C87: =SOBRAL!AS39 | E87: TERÇA-FEIRA | F87: =SOBRAL!AV39 -> 7834.677 | H87: TERÇA-FEIRA | I87: =SOBRAL!AY39 -> 7834.677
B88: QUARTA-FEIRA | C88: =SOBRAL!AS40 | E88: QUARTA-FEIRA | F88: =SOBRAL!AV40 -> 9289.3368 | H88: QUARTA-FEIRA | I88: =SOBRAL!AY40 -> 9289.3368
B89: QUINTA-FEIRA | C89: =SOBRAL!AS41 | E89: QUINTA-FEIRA | F89: =SOBRAL!AV41 -> 11630.918 | H89: QUINTA-FEIRA | I89: =SOBRAL!AY41 -> 11630.918
B90: SEXTA-FEIRA | C90: =SOBRAL!AS42 | E90: SEXTA-FEIRA | F90: =SOBRAL!AV42 -> 10760.797 | H90: SEXTA-FEIRA | I90: =SOBRAL!AY42 -> 10760.797
B91: SÁBADO | C91: =SOBRAL!AS43 -> 8121.5366 | E91: SÁBADO | F91: =SOBRAL!AV43 -> 8121.5366 | H91: SÁBADO | I91: =SOBRAL!AY43 -> 8121.5366
B93: TOTAL | C93: =SUM(C86:C91) -> 8121.5366 | E93: TOTAL | F93: =SUM(F86:F91) -> 55469.616 | H93: TOTAL | I93: =SUM(I86:I91) -> 55469.616
B95: SEMANA 4 | E95: SEMANA 5 | H95: SEMANA 6
B96: DOMINGO | C96: =SOBRAL!AS48 | E96: DOMINGO | F96: =SOBRAL!AV48 | H96: DOMINGO | I96: =SOBRAL!AY48 -> 0
B97: SEGUNDA-FEIRA | C97: =SOBRAL!AS49 -> 7832.3504 | E97: SEGUNDA-FEIRA | F97: =SOBRAL!AV49 -> 7832.3504 | H97: SEGUNDA-FEIRA | I97: =SOBRAL!AY49
B98: TERÇA-FEIRA | C98: =SOBRAL!AS50 -> 7834.677 | E98: TERÇA-FEIRA | F98: =SOBRAL!AV50 -> 7834.677 | H98: TERÇA-FEIRA | I98: =SOBRAL!AY50
B99: QUARTA-FEIRA | C99: =SOBRAL!AS51 -> 9289.3368 | E99: QUARTA-FEIRA | F99: =SOBRAL!AV51 -> 9289.3368 | H99: QUARTA-FEIRA | I99: =SOBRAL!AY51
B100: QUINTA-FEIRA | C100: =SOBRAL!AS52 -> 11630.918 | E100: QUINTA-FEIRA | F100: =SOBRAL!AV52 -> 11630.918 | H100: QUINTA-FEIRA | I100: =SOBRAL!AY52
B101: SEXTA-FEIRA | C101: =SOBRAL!AS53 -> 10760.797 | E101: SEXTA-FEIRA | F101: =SOBRAL!AV53 -> 10760.797 | H101: SEXTA-FEIRA | I101: =SOBRAL!AY53
B102: SÁBADO | C102: =SOBRAL!AS54 -> 8121.5366 | E102: SÁBADO | F102: =SOBRAL!AV54 -> 8121.5366 | H102: SÁBADO | I102: =SOBRAL!AY54
B104: TOTAL | C104: =SUM(C97:C102) -> 55469.616 | E104: TOTAL | F104: =SUM(F97:F102) -> 55469.616 | H104: TOTAL | I104: =SUM(I97:I102) -> 0
H105: TOTAL DO MÊS | I105: =C93+F93+I93+C104+F104+I104 -> 230000

Sheet METAS -  SOBRAL (P VENDEDOR)
B2: CENÁRIO 1
B3: MÍNIMA | C3: =H22 -> 110000
B4: SEMANA 1 | E4: SEMANA 2 | H4: SEMANA 3
B5: SEGUNDA-FEIRA | E5: SEGUNDA-FEIRA | F5: 1996.5956 | H5: SEGUNDA-FEIRA | I5: 1996.5956
B6: TERÇA-FEIRA | E6: TERÇA-FEIRA | F6: 3171.2935 | H6: TERÇA-FEIRA | I6: 3171.2935
B7: QUARTA-FEIRA | E7: QUARTA-FEIRA | F7: 3430.6474 | H7: QUARTA-FEIRA | I7: 3430.6474
B8: QUINTA-FEIRA | C8: 5310.086 | E8: QUINTA-FEIRA | F8: 5310.086 | H8: QUINTA-FEIRA | I8: 5310.086
B9: SEXTA-FEIRA | C9: 4632.6457 | E9: SEXTA-FEIRA | F9: 4632.6457 | H9: SEXTA-FEIRA | I9: 4632.6457
B10: SÁBADO | C10: 5301.2718 | E10: SÁBADO | F10: 5301.2718 | H10: SÁBADO | I10: 5301.2718
B12: TOTAL | C12: =SUM(C5:C10) -> 15244.003 | E12: TOTAL | F12: =SUM(F5:F10) -> 23842.54 | H12: TOTAL | I12: =SUM(I5:I10) -> 23842.54
B14: SEMANA 4 | E14: SEMANA 5
B15: SEGUNDA-FEIRA | C15: 1996.5956 | E15: SEGUNDA-FEIRA | F15: 1996.5956
B16: TERÇA-FEIRA | C16: 3171.2935 | E16: TERÇA-FEIRA | F16: 3171.2935
B17: QUARTA-FEIRA | C17: 3430.6474 | E17: QUARTA-FEIRA | F17: 3430.6474
B18: QUINTA-FEIRA | C18: 5310.086 | E18: QUINTA-FEIRA | F18: 5310.086
B19: SEXTA-FEIRA | C19: 4632.6457 | E19: SEXTA-FEIRA | F19: 4632.6457
B20: SÁBADO | C20: 5301.2718 | E20: SÁBADO | F20: =5301.27182076037-614.16 -> 4687.1118
H21: TOTAL DO MÊS
B22: TOTAL | C22: =SUM(C15:C20) -> 23842.54 | E22: TOTAL | F22: =SUM(F15:F20) -> 23228.38 | H22: =F22+C22+C12+F12+I12 -> 110000
B24: CENÁRIO 2
B25: TOP 1 | C25: =H44*3 -> #VALUE!
B26: SEMANA 1 | E26: SEMANA 2 | H26: SEMANA 3
B27: SEGUNDA-FEIRA | C27: ='METAS - SOBRAL'!C38/2 -> #VALUE! | E27: SEGUNDA-FEIRA | F27: ='METAS - SOBRAL'!F38/3 -> 1929.7095 | H27: SEGUNDA-FEIRA | I27: ='METAS - SOBRAL'!I38/3 -> 1929.7095
B28: TERÇA-FEIRA | C28: ='METAS - SOBRAL'!C39/2 -> #VALUE! | E28: TERÇA-FEIRA | F28: ='METAS - SOBRAL'!F39/3 -> 1930.2827 | H28: TERÇA-FEIRA | I28: ='METAS - SOBRAL'!I39/3 -> 1930.2827
B29: QUARTA-FEIRA | C29: ='METAS - SOBRAL'!C40/2 -> #VALUE! | E29: QUARTA-FEIRA | F29: ='METAS - SOBRAL'!F40/3 -> 2288.6772 | H29: QUARTA-FEIRA | I29: ='METAS - SOBRAL'!I40/3 -> 2288.6772
B30: QUINTA-FEIRA | C30: ='METAS - SOBRAL'!C41/3 -> #VALUE! | E30: QUINTA-FEIRA | F30: ='METAS - SOBRAL'!F41/3 -> 2865.5884 | H30: QUINTA-FEIRA | I30: ='METAS - SOBRAL'!I41/3 -> 2865.5884
B31: SEXTA-FEIRA | C31: ='METAS - SOBRAL'!C42/3 -> #VALUE! | E31: SEXTA-FEIRA | F31: ='METAS - SOBRAL'!F42/3 -> 2651.211 | H31: SEXTA-FEIRA | I31: ='METAS - SOBRAL'!I42/3 -> 2651.211
B32: SÁBADO | C32: ='METAS - SOBRAL'!C43/3 -> 2000.9583 | E32: SÁBADO | F32: ='METAS - SOBRAL'!F43/3 -> 2000.9583 | H32: SÁBADO | I32: ='METAS - SOBRAL'!I43/3 -> 2000.9583
B34: TOTAL | C34: =SUM(C27:C32) -> #VALUE! | E34: TOTAL | F34: =SUM(F27:F32) -> 13666.427 | H34: TOTAL | I34: =SUM(I27:I32) -> 13666.427
B36: SEMANA 4 | E36: SEMANA 5
B37: SEGUNDA-FEIRA | C37: ='METAS - SOBRAL'!C49/3 -> 1929.7095 | E37: SEGUNDA-FEIRA | F37: ='METAS - SOBRAL'!F49/3 -> 1929.7095
B38: TERÇA-FEIRA | C38: ='METAS - SOBRAL'!C50/3 -> 1930.2827 | E38: TERÇA-FEIRA | F38: ='METAS - SOBRAL'!F50/3 -> 1930.2827
B39: QUARTA-FEIRA | C39: ='METAS - SOBRAL'!C51/3 -> 2288.6772 | E39: QUARTA-FEIRA | F39: ='METAS - SOBRAL'!F51/3 -> 2288.6772
B40: QUINTA-FEIRA | C40: ='METAS - SOBRAL'!C52/3 -> 2865.5884 | E40: QUINTA-FEIRA | F40: ='METAS - SOBRAL'!F52/3 -> 2865.5884
B41: SEXTA-FEIRA | C41: ='METAS - SOBRAL'!C53/3 -> 2651.211 | E41: SEXTA-FEIRA | F41: ='METAS - SOBRAL'!F53/3 -> 2651.211
B42: SÁBADO | C42: ='METAS - SOBRAL'!C54/3 -> 2000.9583 | E42: SÁBADO | F42: ='METAS - SOBRAL'!F54/3 -> 2000.9583
H43: TOTAL DO MÊS
B44: TOTAL | C44: =SUM(C37:C42) -> 13666.427 | E44: TOTAL | F44: =SUM(F37:F42) -> 13666.427 | H44: =F44+C44+C34+F34+I34 -> #VALUE!
B46: CENÁRIO 3
B47: TOP 2 | C47: =H66*3 -> #VALUE!
B48: SEMANA 1 | E48: SEMANA 2 | H48: SEMANA 3
B49: SEGUNDA-FEIRA | C49: ='METAS - SOBRAL'!C62/2 -> #VALUE! | E49: SEGUNDA-FEIRA | F49: ='METAS - SOBRAL'!F62/3 -> 2270.2465 | H49: SEGUNDA-FEIRA | I49: ='METAS - SOBRAL'!I62/3 -> 2270.2465
B50: TERÇA-FEIRA | C50: ='METAS - SOBRAL'!C63/2 -> #VALUE! | E50: TERÇA-FEIRA | F50: ='METAS - SOBRAL'!F63/3 -> 2270.9209 | H50: TERÇA-FEIRA | I50: ='METAS - SOBRAL'!I63/3 -> 2270.9209
B51: QUARTA-FEIRA | C51: ='METAS - SOBRAL'!C64/2 -> #VALUE! | E51: QUARTA-FEIRA | F51: ='METAS - SOBRAL'!F64/3 -> 2692.5614 | H51: QUARTA-FEIRA | I51: ='METAS - SOBRAL'!I64/3 -> 2692.5614
B52: QUINTA-FEIRA | C52: ='METAS - SOBRAL'!C65/3 -> #VALUE! | E52: QUINTA-FEIRA | F52: ='METAS - SOBRAL'!F65/3 -> 3371.2805 | H52: QUINTA-FEIRA | I52: ='METAS - SOBRAL'!I65/3 -> 3371.2805
B53: SEXTA-FEIRA | C53: ='METAS - SOBRAL'!C66/3 -> #VALUE! | E53: SEXTA-FEIRA | F53: ='METAS - SOBRAL'!F66/3 -> 3119.0717 | H53: SEXTA-FEIRA | I53: ='METAS - SOBRAL'!I66/3 -> 3119.0717
B54: SÁBADO | C54: ='METAS - SOBRAL'!C67/3 -> 2354.0686 | E54: SÁBADO | F54: ='METAS - SOBRAL'!F67/3 -> 2354.0686 | H54: SÁBADO | I54: ='METAS - SOBRAL'!I67/3 -> 2354.0686
B56: TOTAL | C56: =SUM(C49:C54) -> #VALUE! | E56: TOTAL | F56: =SUM(F49:F54) -> 16078.15 | H56: TOTAL | I56: =SUM(I49:I54) -> 16078.15
B58: SEMANA 4 | E58: SEMANA 5
B59: SEGUNDA-FEIRA | C59: ='METAS - SOBRAL'!C73/3 -> 2270.2465 | E59: SEGUNDA-FEIRA | F59: ='METAS - SOBRAL'!F73/3 -> 2270.2465
B60: TERÇA-FEIRA | C60: ='METAS - SOBRAL'!C74/3 -> 2270.9209 | E60: TERÇA-FEIRA | F60: ='METAS - SOBRAL'!F74/3 -> 2270.9209
B61: QUARTA-FEIRA | C61: ='METAS - SOBRAL'!C75/3 -> 2692.5614 | E61: QUARTA-FEIRA | F61: ='METAS - SOBRAL'!F75/3 -> 2692.5614
B62: QUINTA-FEIRA | C62: ='METAS - SOBRAL'!C76/3 -> 3371.2805 | E62: QUINTA-FEIRA | F62: ='METAS - SOBRAL'!F76/3 -> 3371.2805
B63: SEXTA-FEIRA | C63: ='METAS - SOBRAL'!C77/3 -> 3119.0717 | E63: SEXTA-FEIRA | F63: ='METAS - SOBRAL'!F77/3 -> 3119.0717
B64: SÁBADO | C64: ='METAS - SOBRAL'!C78/3 -> 2354.0686 | E64: SÁBADO | F64: ='METAS - SOBRAL'!F78/3 -> 2354.0686
H65: TOTAL DO MÊS
B66: TOTAL | C66: =SUM(C59:C64) -> 16078.15 | E66: TOTAL | F66: =SUM(F59:F64) -> 16078.15 | H66: =F66+C66+C56+F56+I56 -> #VALUE!
B68: CENÁRIO 4
B69: MASTER | C69: =H88*3 -> #VALUE!
B70: SEMANA 1 | E70: SEMANA 2 | H70: SEMANA 3
B71: SEGUNDA-FEIRA | C71: ='METAS - SOBRAL'!C86/2 -> #VALUE! | E71: SEGUNDA-FEIRA | F71: ='METAS - SOBRAL'!F86/3 -> 2610.7835 | H71: SEGUNDA-FEIRA | I71: ='METAS - SOBRAL'!I86/3 -> 2610.7835
B72: TERÇA-FEIRA | C72: ='METAS - SOBRAL'!C87/2 -> #VALUE! | E72: TERÇA-FEIRA | F72: ='METAS - SOBRAL'!F87/3 -> 2611.559 | H72: TERÇA-FEIRA | I72: ='METAS - SOBRAL'!I87/3 -> 2611.559
B73: QUARTA-FEIRA | C73: ='METAS - SOBRAL'!C88/2 -> #VALUE! | E73: QUARTA-FEIRA | F73: ='METAS - SOBRAL'!F88/3 -> 3096.4456 | H73: QUARTA-FEIRA | I73: ='METAS - SOBRAL'!I88/3 -> 3096.4456
B74: QUINTA-FEIRA | C74: ='METAS - SOBRAL'!C89/3 -> #VALUE! | E74: QUINTA-FEIRA | F74: ='METAS - SOBRAL'!F89/3 -> 3876.9726 | H74: QUINTA-FEIRA | I74: ='METAS - SOBRAL'!I89/3 -> 3876.9726
B75: SEXTA-FEIRA | C75: ='METAS - SOBRAL'!C90/3 -> #VALUE! | E75: SEXTA-FEIRA | F75: ='METAS - SOBRAL'!F90/3 -> 3586.9325 | H75: SEXTA-FEIRA | I75: ='METAS - SOBRAL'!I90/3 -> 3586.9325
B76: SÁBADO | C76: ='METAS - SOBRAL'!C91/3 -> 2707.1789 | E76: SÁBADO | F76: ='METAS - SOBRAL'!F91/3 -> 2707.1789 | H76: SÁBADO | I76: ='METAS - SOBRAL'!I91/3 -> 2707.1789
B78: TOTAL | C78: =SUM(C71:C76) -> #VALUE! | E78: TOTAL | F78: =SUM(F71:F76) -> 18489.872 | H78: TOTAL | I78: =SUM(I71:I76) -> 18489.872
B80: SEMANA 4 | E80: SEMANA 5
B81: SEGUNDA-FEIRA | C81: ='METAS - SOBRAL'!C97/3 -> 2610.7835 | E81: SEGUNDA-FEIRA | F81: ='METAS - SOBRAL'!F97/3 -> 2610.7835
B82: TERÇA-FEIRA | C82: ='METAS - SOBRAL'!C98/3 -> 2611.559 | E82: TERÇA-FEIRA | F82: ='METAS - SOBRAL'!F98/3 -> 2611.559
B83: QUARTA-FEIRA | C83: ='METAS - SOBRAL'!C99/3 -> 3096.4456 | E83: QUARTA-FEIRA | F83: ='METAS - SOBRAL'!F99/3 -> 3096.4456
B84: QUINTA-FEIRA | C84: ='METAS - SOBRAL'!C100/3 -> 3876.9726 | E84: QUINTA-FEIRA | F84: ='METAS - SOBRAL'!F100/3 -> 3876.9726
B85: SEXTA-FEIRA | C85: ='METAS - SOBRAL'!C101/3 -> 3586.9325 | E85: SEXTA-FEIRA | F85: ='METAS - SOBRAL'!F101/3 -> 3586.9325
B86: SÁBADO | C86: ='METAS - SOBRAL'!C102/3 -> 2707.1789 | E86: SÁBADO | F86: ='METAS - SOBRAL'!F102/3 -> 2707.1789
H87: TOTAL DO MÊS
B88: TOTAL | C88: =SUM(C81:C86) -> 18489.872 | E88: TOTAL | F88: =SUM(F81:F86) -> 18489.872 | H88: =F88+C88+C78+F78+I78 -> #VALUE!

Sheet VENDAS
I1: MÊS | J1: 5
I2: ANO | J2: 2026
L3: METAS POR DIA - DIFERENÇA | S3: VENDAS /SEMANA | Z3: VENDAS /SEMANA - SOBRAL | AG3: Valores > 0 | AH3: Valores realizados sufientes para suprir a meta. O valor negativo significa a diferença superada na semana.
B4: CÓDIGO | C4: DATA | D4: DIA DA SEMANA | E4: VALOR REALIZADO | F4: SEMANA | G4: META MÍNIMA | H4: TOP 1 | I4: TOP 2 | J4: MASTER | L4: DATA | M4: Valor | N4: META MÍNIMA | O4: TOP 1 | P4: TOP2 | Q4: MASTER | S4: SEMANA | T4: VALOR REALIZADO | U4: META MÍNIMA | V4: TOP 1 | W4: TOP2 | X4: MASTER | Z4: SEMANA | AA4: VALOR REALIZADO | AB4: META MÍNIMA | AC4: TOP 1 | AD4: TOP2 | AE4: MASTER
B5: 1 | C5: =DATE($J$2,$J$1,B5) -> 46143 | D5: =UPPER(TEXT(C5,"dddd")) -> SEXTA-FEIRA | F5: ="Semana " & INT((DAY(C5)+WEEKDAY(DATE(YEAR(C5),MONTH(C5),1),1)-2)/7)+1 -> Semana 1 | G5: ='METAS - SOBRAL'!C18 | H5: ='METAS - SOBRAL'!C42 | I5: ='METAS - SOBRAL'!C66 | J5: ='METAS - SOBRAL'!C90 | L5: =Tabela37[[#This Row],[DATA]] -> 46143 | M5: =Tabela37[[#This Row],[VALOR REALIZADO]] -> 0 | N5: =IFERROR(E5-Tabela37[[#This Row],[META MÍNIMA]],"") | O5: =IFERROR(E5-Tabela37[[#This Row],[TOP 1]],"") | P5: =IFERROR(E5-Tabela37[[#This Row],[TOP 2]],"") | Q5: =IFERROR(E5-Tabela37[[#This Row],[MASTER]],"") | S5: Semana 1 | T5: =SUMIF($F$5:$F$35,S5,$E$5:$E$35) -> 0 | U5: =SUM('METAS - SOBRAL'!C14:C19) -> 4943.544 | V5: =SUM('METAS - SOBRAL'!C38:C43) -> 6002.8749 | W5: =SUM('METAS - SOBRAL'!C62:C67) -> 7062.2057 | X5: =SUM('METAS - SOBRAL'!C86:C91) -> 8121.5366 | Z5: 1 | AA5: =T5 -> 0 | AB5: =$T$5-U5 -> -4943.544 | AC5: =$T$5-V5 -> -6002.8749 | AD5: =$T$5-W5 -> -7062.2057 | AE5: =IF(AD5="","",$T$5-X5) -> -8121.5366 | AG5: Valores < 0 | AH5: Valores realizados não sufientes para suprir a meta. O valor positivo significa a diferença não alcançada.
B6: 2 | C6: =DATE($J$2,$J$1,B6) -> 46144 | D6: =UPPER(TEXT(C6,"dddd")) -> SÁBADO | F6: ="Semana " & INT((DAY(C6)+WEEKDAY(DATE(YEAR(C6),MONTH(C6),1),1)-2)/7)+1 -> Semana 1 | G6: ='METAS - SOBRAL'!C19 -> 4943.544 | H6: ='METAS - SOBRAL'!C43 -> 6002.8749 | I6: ='METAS - SOBRAL'!C67 -> 7062.2057 | J6: ='METAS - SOBRAL'!C91 -> 8121.5366 | L6: =Tabela37[[#This Row],[DATA]] -> 46144 | M6: =Tabela37[[#This Row],[VALOR REALIZADO]] -> 0 | N6: =IFERROR(E6-Tabela37[[#This Row],[META MÍNIMA]],"") -> -4943.544 | O6: =IFERROR(E6-Tabela37[[#This Row],[TOP 1]],"") -> -6002.8749 | P6: =IFERROR(E6-Tabela37[[#This Row],[TOP 2]],"") -> -7062.2057 | Q6: =IFERROR(E6-Tabela37[[#This Row],[MASTER]],"") -> -8121.5366 | S6: Semana 2 | T6: =SUMIF($F$5:$F$35,S6,$E$5:$E$35) -> 0 | U6: =SUM('METAS - SOBRAL'!F14:F19) -> 33764.114 | V6: =SUM('METAS - SOBRAL'!F38:F43) -> 40999.281 | W6: =SUM('METAS - SOBRAL'!F62:F67) -> 48234.449 | X6: =SUM('METAS - SOBRAL'!F86:F91) -> 55469.616 | Z6: 2 | AA6: =T6 -> 0 | AB6: =IF(AA6="","",$T$6-U6) -> -33764.114 | AC6: =IF(AB6="","",$T$6-V6) -> -40999.281 | AD6: =IF(AC6="","",$T$6-W6) -> -48234.449 | AE6: =IF(AD6="","",$T$6-X6) -> -55469.616
B7: 3 | C7: =DATE($J$2,$J$1,B7) -> 46145 | D7: =UPPER(TEXT(C7,"dddd")) -> DOMINGO | F7: ="Semana " & INT((DAY(C7)+WEEKDAY(DATE(YEAR(C7),MONTH(C7),1),1)-2)/7)+1 -> Semana 2 | G7: ='METAS - SOBRAL'!F13 | H7: ='METAS - SOBRAL'!F37 | I7: ='METAS - SOBRAL'!F61 | J7: ='METAS - SOBRAL'!F85 | L7: =Tabela37[[#This Row],[DATA]] -> 46145 | M7: =Tabela37[[#This Row],[VALOR REALIZADO]] -> 0 | N7: =IFERROR(E7-Tabela37[[#This Row],[META MÍNIMA]],"") | O7: =IFERROR(E7-Tabela37[[#This Row],[TOP 1]],"") | P7: =IFERROR(E7-Tabela37[[#This Row],[TOP 2]],"") | Q7: =IFERROR(E7-Tabela37[[#This Row],[MASTER]],"") | S7: Semana 3 | T7: =SUMIF($F$5:$F$35,S7,$E$5:$E$35) -> 0 | U7: =SUM('METAS - SOBRAL'!I14:I19) -> 33764.114 | V7: =SUM('METAS - SOBRAL'!I38:I43) -> 40999.281 | W7: =SUM('METAS - SOBRAL'!I62:I67) -> 48234.449 | X7: =SUM('METAS - SOBRAL'!I86:I91) -> 55469.616 | Z7: 3 | AA7: =T7 -> 0 | AB7: =IF(AA7="","",$T$7-U7) -> -33764.114 | AC7: =IF(AB7="","",$T$7-V7) -> -40999.281 | AD7: =IF(AC7="","",$T$7-W7) -> -48234.449 | AE7: =IF(AD7="","",$T$7-X7) -> -55469.616
B8: 4 | C8: =DATE($J$2,$J$1,B8) -> 46146 | D8: =UPPER(TEXT(C8,"dddd")) -> SEGUNDA-FEIRA | F8: ="Semana " & INT((DAY(C8)+WEEKDAY(DATE(YEAR(C8),MONTH(C8),1),1)-2)/7)+1 -> Semana 2 | G8: ='METAS - SOBRAL'!F14 -> 4767.5176 | H8: ='METAS - SOBRAL'!F38 -> 5789.1286 | I8: ='METAS - SOBRAL'!F62 -> 6810.7395 | J8: ='METAS - SOBRAL'!F86 -> 7832.3504 | L8: =Tabela37[[#This Row],[DATA]] -> 46146 | M8: =Tabela37[[#This Row],[VALOR REALIZADO]] -> 0 | N8: =IFERROR(E8-Tabela37[[#This Row],[META MÍNIMA]],"") -> -4767.5176 | O8: =IFERROR(E8-Tabela37[[#This Row],[TOP 1]],"") -> -5789.1286 | P8: =IFERROR(E8-Tabela37[[#This Row],[TOP 2]],"") -> -6810.7395 | Q8: =IFERROR(E8-Tabela37[[#This Row],[MASTER]],"") -> -7832.3504 | S8: Semana 4 | T8: =SUMIF($F$5:$F$35,S8,$E$5:$E$35) -> 0 | U8: =SUM('METAS - SOBRAL'!C25:C30) -> 33764.114 | V8: =SUM('METAS - SOBRAL'!C49:C54) -> 40999.281 | W8: =SUM('METAS - SOBRAL'!C73:C78) -> 48234.449 | X8: =SUM('METAS - SOBRAL'!C97:C102) -> 55469.616 | Z8: 4 | AA8: =T8 -> 0 | AB8: =IF(AA8="","",$T$8-U8) -> -33764.114 | AC8: =IF(AB8="","",$T$8-V8) -> -40999.281 | AD8: =IF(AC8="","",$T$8-W8) -> -48234.449 | AE8: =IF(AD8="","",$T$8-X8) -> -55469.616
B9: 5 | C9: =DATE($J$2,$J$1,B9) -> 46147 | D9: =UPPER(TEXT(C9,"dddd")) -> TERÇA-FEIRA | F9: ="Semana " & INT((DAY(C9)+WEEKDAY(DATE(YEAR(C9),MONTH(C9),1),1)-2)/7)+1 -> Semana 2 | G9: ='METAS - SOBRAL'!F15 -> 4768.9338 | H9: ='METAS - SOBRAL'!F39 -> 5790.8482 | I9: ='METAS - SOBRAL'!F63 -> 6812.7626 | J9: ='METAS - SOBRAL'!F87 -> 7834.677 | L9: =Tabela37[[#This Row],[DATA]] -> 46147 | M9: =Tabela37[[#This Row],[VALOR REALIZADO]] -> 0 | N9: =IFERROR(E9-Tabela37[[#This Row],[META MÍNIMA]],"") -> -4768.9338 | O9: =IFERROR(E9-Tabela37[[#This Row],[TOP 1]],"") -> -5790.8482 | P9: =IFERROR(E9-Tabela37[[#This Row],[TOP 2]],"") -> -6812.7626 | Q9: =IFERROR(E9-Tabela37[[#This Row],[MASTER]],"") -> -7834.677 | S9: Semana 5 | T9: =SUMIF($F$5:$F$35,S9,$E$5:$E$35) -> 0 | U9: =SUM('METAS - SOBRAL'!F25:F30) -> 33764.114 | V9: =SUM('METAS - SOBRAL'!F49:F54) -> 40999.281 | W9: =SUM('METAS - SOBRAL'!F73:F78) -> 48234.449 | X9: =SUM('METAS - SOBRAL'!F97:F102) -> 55469.616 | Z9: 5 | AA9: =T9 -> 0 | AB9: =IF(AA9="","",$T$9-U9) -> -33764.114 | AC9: =IF(AB9="","",$T$9-V9) -> -40999.281 | AD9: =IF(AC9="","",$T$9-W9) -> -48234.449 | AE9: =IF(AD9="","",$T$9-X9) -> -55469.616
B10: 6 | C10: =DATE($J$2,$J$1,B10) -> 46148 | D10: =UPPER(TEXT(C10,"dddd")) -> QUARTA-FEIRA | F10: ="Semana " & INT((DAY(C10)+WEEKDAY(DATE(YEAR(C10),MONTH(C10),1),1)-2)/7)+1 -> Semana 2 | G10: ='METAS - SOBRAL'!F16 -> 5654.3789 | H10: ='METAS - SOBRAL'!F40 -> 6866.0315 | I10: ='METAS - SOBRAL'!F64 -> 8077.6841 | J10: ='METAS - SOBRAL'!F88 -> 9289.3368 | L10: =Tabela37[[#This Row],[DATA]] -> 46148 | M10: =Tabela37[[#This Row],[VALOR REALIZADO]] -> 0 | N10: =IFERROR(E10-Tabela37[[#This Row],[META MÍNIMA]],"") -> -5654.3789 | O10: =IFERROR(E10-Tabela37[[#This Row],[TOP 1]],"") -> -6866.0315 | P10: =IFERROR(E10-Tabela37[[#This Row],[TOP 2]],"") -> -8077.6841 | Q10: =IFERROR(E10-Tabela37[[#This Row],[MASTER]],"") -> -9289.3368
B11: 7 | C11: =DATE($J$2,$J$1,B11) -> 46149 | D11: =UPPER(TEXT(C11,"dddd")) -> QUINTA-FEIRA | F11: ="Semana " & INT((DAY(C11)+WEEKDAY(DATE(YEAR(C11),MONTH(C11),1),1)-2)/7)+1 -> Semana 2 | G11: ='METAS - SOBRAL'!F17 -> 7079.689 | H11: ='METAS - SOBRAL'!F41 -> 8596.7652 | I11: ='METAS - SOBRAL'!F65 -> 10113.841 | J11: ='METAS - SOBRAL'!F89 -> 11630.918 | L11: =Tabela37[[#This Row],[DATA]] -> 46149 | M11: =Tabela37[[#This Row],[VALOR REALIZADO]] -> 0 | N11: =IFERROR(E11-Tabela37[[#This Row],[META MÍNIMA]],"") -> -7079.689 | O11: =IFERROR(E11-Tabela37[[#This Row],[TOP 1]],"") -> -8596.7652 | P11: =IFERROR(E11-Tabela37[[#This Row],[TOP 2]],"") -> -10113.841 | Q11: =IFERROR(E11-Tabela37[[#This Row],[MASTER]],"") -> -11630.918
B12: 8 | C12: =DATE($J$2,$J$1,B12) -> 46150 | D12: =UPPER(TEXT(C12,"dddd")) -> SEXTA-FEIRA | F12: ="Semana " & INT((DAY(C12)+WEEKDAY(DATE(YEAR(C12),MONTH(C12),1),1)-2)/7)+1 -> Semana 2 | G12: ='METAS - SOBRAL'!F18 -> 6550.0506 | H12: ='METAS - SOBRAL'!F42 -> 7953.6329 | I12: ='METAS - SOBRAL'!F66 -> 9357.2152 | J12: ='METAS - SOBRAL'!F90 -> 10760.797 | L12: =Tabela37[[#This Row],[DATA]] -> 46150 | M12: =Tabela37[[#This Row],[VALOR REALIZADO]] -> 0 | N12: =IFERROR(E12-Tabela37[[#This Row],[META MÍNIMA]],"") -> -6550.0506 | O12: =IFERROR(E12-Tabela37[[#This Row],[TOP 1]],"") -> -7953.6329 | P12: =IFERROR(E12-Tabela37[[#This Row],[TOP 2]],"") -> -9357.2152 | Q12: =IFERROR(E12-Tabela37[[#This Row],[MASTER]],"") -> -10760.797
B13: 9 | C13: =DATE($J$2,$J$1,B13) -> 46151 | D13: =UPPER(TEXT(C13,"dddd")) -> SÁBADO | F13: ="Semana " & INT((DAY(C13)+WEEKDAY(DATE(YEAR(C13),MONTH(C13),1),1)-2)/7)+1 -> Semana 2 | G13: ='METAS - SOBRAL'!F19 -> 4943.544 | H13: ='METAS - SOBRAL'!F43 -> 6002.8749 | I13: ='METAS - SOBRAL'!F67 -> 7062.2057 | J13: ='METAS - SOBRAL'!F91 -> 8121.5366 | L13: =Tabela37[[#This Row],[DATA]] -> 46151 | M13: =Tabela37[[#This Row],[VALOR REALIZADO]] -> 0 | N13: =IFERROR(E13-Tabela37[[#This Row],[META MÍNIMA]],"") -> -4943.544 | O13: =IFERROR(E13-Tabela37[[#This Row],[TOP 1]],"") -> -6002.8749 | P13: =IFERROR(E13-Tabela37[[#This Row],[TOP 2]],"") -> -7062.2057 | Q13: =IFERROR(E13-Tabela37[[#This Row],[MASTER]],"") -> -8121.5366
B14: 10 | C14: =DATE($J$2,$J$1,B14) -> 46152 | D14: =UPPER(TEXT(C14,"dddd")) -> DOMINGO | F14: ="Semana " & INT((DAY(C14)+WEEKDAY(DATE(YEAR(C14),MONTH(C14),1),1)-2)/7)+1 -> Semana 3 | G14: ='METAS - SOBRAL'!I13 | H14: ='METAS - SOBRAL'!I37 | I14: ='METAS - SOBRAL'!I61 | J14: ='METAS - SOBRAL'!I85 | L14: =Tabela37[[#This Row],[DATA]] -> 46152 | M14: =Tabela37[[#This Row],[VALOR REALIZADO]] -> 0 | N14: =IFERROR(E14-Tabela37[[#This Row],[META MÍNIMA]],"") | O14: =IFERROR(E14-Tabela37[[#This Row],[TOP 1]],"") | P14: =IFERROR(E14-Tabela37[[#This Row],[TOP 2]],"") | Q14: =IFERROR(E14-Tabela37[[#This Row],[MASTER]],"")
B15: 11 | C15: =DATE($J$2,$J$1,B15) -> 46153 | D15: =UPPER(TEXT(C15,"dddd")) -> SEGUNDA-FEIRA | F15: ="Semana " & INT((DAY(C15)+WEEKDAY(DATE(YEAR(C15),MONTH(C15),1),1)-2)/7)+1 -> Semana 3 | G15: ='METAS - SOBRAL'!I14 -> 4767.5176 | H15: ='METAS - SOBRAL'!I38 -> 5789.1286 | I15: ='METAS - SOBRAL'!I62 -> 6810.7395 | J15: ='METAS - SOBRAL'!I86 -> 7832.3504 | L15: =Tabela37[[#This Row],[DATA]] -> 46153 | M15: =Tabela37[[#This Row],[VALOR REALIZADO]] -> 0 | N15: =IFERROR(E15-Tabela37[[#This Row],[META MÍNIMA]],"") -> -4767.5176 | O15: =IFERROR(E15-Tabela37[[#This Row],[TOP 1]],"") -> -5789.1286 | P15: =IFERROR(E15-Tabela37[[#This Row],[TOP 2]],"") -> -6810.7395 | Q15: =IFERROR(E15-Tabela37[[#This Row],[MASTER]],"") -> -7832.3504
B16: 12 | C16: =DATE($J$2,$J$1,B16) -> 46154 | D16: =UPPER(TEXT(C16,"dddd")) -> TERÇA-FEIRA | F16: ="Semana " & INT((DAY(C16)+WEEKDAY(DATE(YEAR(C16),MONTH(C16),1),1)-2)/7)+1 -> Semana 3 | G16: ='METAS - SOBRAL'!I15 -> 4768.9338 | H16: ='METAS - SOBRAL'!I39 -> 5790.8482 | I16: ='METAS - SOBRAL'!I63 -> 6812.7626 | J16: ='METAS - SOBRAL'!I87 -> 7834.677 | L16: =Tabela37[[#This Row],[DATA]] -> 46154 | M16: =Tabela37[[#This Row],[VALOR REALIZADO]] -> 0 | N16: =IFERROR(E16-Tabela37[[#This Row],[META MÍNIMA]],"") -> -4768.9338 | O16: =IFERROR(E16-Tabela37[[#This Row],[TOP 1]],"") -> -5790.8482 | P16: =IFERROR(E16-Tabela37[[#This Row],[TOP 2]],"") -> -6812.7626 | Q16: =IFERROR(E16-Tabela37[[#This Row],[MASTER]],"") -> -7834.677
B17: 13 | C17: =DATE($J$2,$J$1,B17) -> 46155 | D17: =UPPER(TEXT(C17,"dddd")) -> QUARTA-FEIRA | F17: ="Semana " & INT((DAY(C17)+WEEKDAY(DATE(YEAR(C17),MONTH(C17),1),1)-2)/7)+1 -> Semana 3 | G17: ='METAS - SOBRAL'!I16 -> 5654.3789 | H17: ='METAS - SOBRAL'!I40 -> 6866.0315 | I17: ='METAS - SOBRAL'!I64 -> 8077.6841 | J17: ='METAS - SOBRAL'!I88 -> 9289.3368 | L17: =Tabela37[[#This Row],[DATA]] -> 46155 | M17: =Tabela37[[#This Row],[VALOR REALIZADO]] -> 0 | N17: =IFERROR(E17-Tabela37[[#This Row],[META MÍNIMA]],"") -> -5654.3789 | O17: =IFERROR(E17-Tabela37[[#This Row],[TOP 1]],"") -> -6866.0315 | P17: =IFERROR(E17-Tabela37[[#This Row],[TOP 2]],"") -> -8077.6841 | Q17: =IFERROR(E17-Tabela37[[#This Row],[MASTER]],"") -> -9289.3368
B18: 14 | C18: =DATE($J$2,$J$1,B18) -> 46156 | D18: =UPPER(TEXT(C18,"dddd")) -> QUINTA-FEIRA | F18: ="Semana " & INT((DAY(C18)+WEEKDAY(DATE(YEAR(C18),MONTH(C18),1),1)-2)/7)+1 -> Semana 3 | G18: ='METAS - SOBRAL'!I17 -> 7079.689 | H18: ='METAS - SOBRAL'!I41 -> 8596.7652 | I18: ='METAS - SOBRAL'!I65 -> 10113.841 | J18: ='METAS - SOBRAL'!I89 -> 11630.918 | L18: =Tabela37[[#This Row],[DATA]] -> 46156 | M18: =Tabela37[[#This Row],[VALOR REALIZADO]] -> 0 | N18: =IFERROR(E18-Tabela37[[#This Row],[META MÍNIMA]],"") -> -7079.689 | O18: =IFERROR(E18-Tabela37[[#This Row],[TOP 1]],"") -> -8596.7652 | P18: =IFERROR(E18-Tabela37[[#This Row],[TOP 2]],"") -> -10113.841 | Q18: =IFERROR(E18-Tabela37[[#This Row],[MASTER]],"") -> -11630.918
B19: 15 | C19: =DATE($J$2,$J$1,B19) -> 46157 | D19: =UPPER(TEXT(C19,"dddd")) -> SEXTA-FEIRA | F19: ="Semana " & INT((DAY(C19)+WEEKDAY(DATE(YEAR(C19),MONTH(C19),1),1)-2)/7)+1 -> Semana 3 | G19: ='METAS - SOBRAL'!I18 -> 6550.0506 | H19: ='METAS - SOBRAL'!I42 -> 7953.6329 | I19: ='METAS - SOBRAL'!I66 -> 9357.2152 | J19: ='METAS - SOBRAL'!I90 -> 10760.797 | L19: =Tabela37[[#This Row],[DATA]] -> 46157 | M19: =Tabela37[[#This Row],[VALOR REALIZADO]] -> 0 | N19: =IFERROR(E19-Tabela37[[#This Row],[META MÍNIMA]],"") -> -6550.0506 | O19: =IFERROR(E19-Tabela37[[#This Row],[TOP 1]],"") -> -7953.6329 | P19: =IFERROR(E19-Tabela37[[#This Row],[TOP 2]],"") -> -9357.2152 | Q19: =IFERROR(E19-Tabela37[[#This Row],[MASTER]],"") -> -10760.797
B20: 16 | C20: =DATE($J$2,$J$1,B20) -> 46158 | D20: =UPPER(TEXT(C20,"dddd")) -> SÁBADO | F20: ="Semana " & INT((DAY(C20)+WEEKDAY(DATE(YEAR(C20),MONTH(C20),1),1)-2)/7)+1 -> Semana 3 | G20: ='METAS - SOBRAL'!I19 -> 4943.544 | H20: ='METAS - SOBRAL'!I43 -> 6002.8749 | I20: ='METAS - SOBRAL'!I67 -> 7062.2057 | J20: ='METAS - SOBRAL'!I91 -> 8121.5366 | L20: =Tabela37[[#This Row],[DATA]] -> 46158 | M20: =Tabela37[[#This Row],[VALOR REALIZADO]] -> 0 | N20: =IFERROR(E20-Tabela37[[#This Row],[META MÍNIMA]],"") -> -4943.544 | O20: =IFERROR(E20-Tabela37[[#This Row],[TOP 1]],"") -> -6002.8749 | P20: =IFERROR(E20-Tabela37[[#This Row],[TOP 2]],"") -> -7062.2057 | Q20: =IFERROR(E20-Tabela37[[#This Row],[MASTER]],"") -> -8121.5366
B21: 17 | C21: =DATE($J$2,$J$1,B21) -> 46159 | D21: =UPPER(TEXT(C21,"dddd")) -> DOMINGO | F21: ="Semana " & INT((DAY(C21)+WEEKDAY(DATE(YEAR(C21),MONTH(C21),1),1)-2)/7)+1 -> Semana 4 | G21: ='METAS - SOBRAL'!C24 -> 0 | H21: ='METAS - SOBRAL'!C48 | I21: ='METAS - SOBRAL'!C72 | J21: ='METAS - SOBRAL'!C96 | L21: =Tabela37[[#This Row],[DATA]] -> 46159 | M21: =Tabela37[[#This Row],[VALOR REALIZADO]] -> 0 | N21: =IFERROR(E21-Tabela37[[#This Row],[META MÍNIMA]],"") -> 0 | O21: =IFERROR(E21-Tabela37[[#This Row],[TOP 1]],"") | P21: =IFERROR(E21-Tabela37[[#This Row],[TOP 2]],"") | Q21: =IFERROR(E21-Tabela37[[#This Row],[MASTER]],"")
B22: 18 | C22: =DATE($J$2,$J$1,B22) -> 46160 | D22: =UPPER(TEXT(C22,"dddd")) -> SEGUNDA-FEIRA | F22: ="Semana " & INT((DAY(C22)+WEEKDAY(DATE(YEAR(C22),MONTH(C22),1),1)-2)/7)+1 -> Semana 4 | G22: ='METAS - SOBRAL'!C25 -> 4767.5176 | H22: ='METAS - SOBRAL'!C49 -> 5789.1286 | I22: ='METAS - SOBRAL'!C73 -> 6810.7395 | J22: ='METAS - SOBRAL'!C97 -> 7832.3504 | L22: =Tabela37[[#This Row],[DATA]] -> 46160 | M22: =Tabela37[[#This Row],[VALOR REALIZADO]] -> 0 | N22: =IFERROR(E22-Tabela37[[#This Row],[META MÍNIMA]],"") -> -4767.5176 | O22: =IFERROR(E22-Tabela37[[#This Row],[TOP 1]],"") -> -5789.1286 | P22: =IFERROR(E22-Tabela37[[#This Row],[TOP 2]],"") -> -6810.7395 | Q22: =IFERROR(E22-Tabela37[[#This Row],[MASTER]],"") -> -7832.3504
B23: 19 | C23: =DATE($J$2,$J$1,B23) -> 46161 | D23: =UPPER(TEXT(C23,"dddd")) -> TERÇA-FEIRA | F23: ="Semana " & INT((DAY(C23)+WEEKDAY(DATE(YEAR(C23),MONTH(C23),1),1)-2)/7)+1 -> Semana 4 | G23: ='METAS - SOBRAL'!C26 -> 4768.9338 | H23: ='METAS - SOBRAL'!C50 -> 5790.8482 | I23: ='METAS - SOBRAL'!C74 -> 6812.7626 | J23: ='METAS - SOBRAL'!C98 -> 7834.677 | L23: =Tabela37[[#This Row],[DATA]] -> 46161 | M23: =Tabela37[[#This Row],[VALOR REALIZADO]] -> 0 | N23: =IFERROR(E23-Tabela37[[#This Row],[META MÍNIMA]],"") -> -4768.9338 | O23: =IFERROR(E23-Tabela37[[#This Row],[TOP 1]],"") -> -5790.8482 | P23: =IFERROR(E23-Tabela37[[#This Row],[TOP 2]],"") -> -6812.7626 | Q23: =IFERROR(E23-Tabela37[[#This Row],[MASTER]],"") -> -7834.677
B24: 20 | C24: =DATE($J$2,$J$1,B24) -> 46162 | D24: =UPPER(TEXT(C24,"dddd")) -> QUARTA-FEIRA | F24: ="Semana " & INT((DAY(C24)+WEEKDAY(DATE(YEAR(C24),MONTH(C24),1),1)-2)/7)+1 -> Semana 4 | G24: ='METAS - SOBRAL'!C27 -> 5654.3789 | H24: ='METAS - SOBRAL'!C51 -> 6866.0315 | I24: ='METAS - SOBRAL'!C75 -> 8077.6841 | J24: ='METAS - SOBRAL'!C99 -> 9289.3368 | L24: =Tabela37[[#This Row],[DATA]] -> 46162 | M24: =Tabela37[[#This Row],[VALOR REALIZADO]] -> 0 | N24: =IFERROR(E24-Tabela37[[#This Row],[META MÍNIMA]],"") -> -5654.3789 | O24: =IFERROR(E24-Tabela37[[#This Row],[TOP 1]],"") -> -6866.0315 | P24: =IFERROR(E24-Tabela37[[#This Row],[TOP 2]],"") -> -8077.6841 | Q24: =IFERROR(E24-Tabela37[[#This Row],[MASTER]],"") -> -9289.3368
B25: 21 | C25: =DATE($J$2,$J$1,B25) -> 46163 | D25: =UPPER(TEXT(C25,"dddd")) -> QUINTA-FEIRA | F25: ="Semana " & INT((DAY(C25)+WEEKDAY(DATE(YEAR(C25),MONTH(C25),1),1)-2)/7)+1 -> Semana 4 | G25: ='METAS - SOBRAL'!C28 -> 7079.689 | H25: ='METAS - SOBRAL'!C52 -> 8596.7652 | I25: ='METAS - SOBRAL'!C76 -> 10113.841 | J25: ='METAS - SOBRAL'!C100 -> 11630.918 | L25: =Tabela37[[#This Row],[DATA]] -> 46163 | M25: =Tabela37[[#This Row],[VALOR REALIZADO]] -> 0 | N25: =IFERROR(E25-Tabela37[[#This Row],[META MÍNIMA]],"") -> -7079.689 | O25: =IFERROR(E25-Tabela37[[#This Row],[TOP 1]],"") -> -8596.7652 | P25: =IFERROR(E25-Tabela37[[#This Row],[TOP 2]],"") -> -10113.841 | Q25: =IFERROR(E25-Tabela37[[#This Row],[MASTER]],"") -> -11630.918
B26: 22 | C26: =DATE($J$2,$J$1,B26) -> 46164 | D26: =UPPER(TEXT(C26,"dddd")) -> SEXTA-FEIRA | F26: ="Semana " & INT((DAY(C26)+WEEKDAY(DATE(YEAR(C26),MONTH(C26),1),1)-2)/7)+1 -> Semana 4 | G26: ='METAS - SOBRAL'!C29 -> 6550.0506 | H26: ='METAS - SOBRAL'!C53 -> 7953.6329 | I26: ='METAS - SOBRAL'!C77 -> 9357.2152 | J26: ='METAS - SOBRAL'!C101 -> 10760.797 | L26: =Tabela37[[#This Row],[DATA]] -> 46164 | M26: =Tabela37[[#This Row],[VALOR REALIZADO]] -> 0 | N26: =IFERROR(E26-Tabela37[[#This Row],[META MÍNIMA]],"") -> -6550.0506 | O26: =IFERROR(E26-Tabela37[[#This Row],[TOP 1]],"") -> -7953.6329 | P26: =IFERROR(E26-Tabela37[[#This Row],[TOP 2]],"") -> -9357.2152 | Q26: =IFERROR(E26-Tabela37[[#This Row],[MASTER]],"") -> -10760.797
B27: 23 | C27: =DATE($J$2,$J$1,B27) -> 46165 | D27: =UPPER(TEXT(C27,"dddd")) -> SÁBADO | F27: ="Semana " & INT((DAY(C27)+WEEKDAY(DATE(YEAR(C27),MONTH(C27),1),1)-2)/7)+1 -> Semana 4 | G27: ='METAS - SOBRAL'!C30 -> 4943.544 | H27: ='METAS - SOBRAL'!C54 -> 6002.8749 | I27: ='METAS - SOBRAL'!C78 -> 7062.2057 | J27: ='METAS - SOBRAL'!C102 -> 8121.5366 | L27: =Tabela37[[#This Row],[DATA]] -> 46165 | M27: =Tabela37[[#This Row],[VALOR REALIZADO]] -> 0 | N27: =IFERROR(E27-Tabela37[[#This Row],[META MÍNIMA]],"") -> -4943.544 | O27: =IFERROR(E27-Tabela37[[#This Row],[TOP 1]],"") -> -6002.8749 | P27: =IFERROR(E27-Tabela37[[#This Row],[TOP 2]],"") -> -7062.2057 | Q27: =IFERROR(E27-Tabela37[[#This Row],[MASTER]],"") -> -8121.5366
B28: 24 | C28: =DATE($J$2,$J$1,B28) -> 46166 | D28: =UPPER(TEXT(C28,"dddd")) -> DOMINGO | F28: ="Semana " & INT((DAY(C28)+WEEKDAY(DATE(YEAR(C28),MONTH(C28),1),1)-2)/7)+1 -> Semana 5 | G28: ='METAS - SOBRAL'!F24 -> 0 | H28: ='METAS - SOBRAL'!F48 | I28: ='METAS - SOBRAL'!F72 | J28: ='METAS - SOBRAL'!F96 | L28: =Tabela37[[#This Row],[DATA]] -> 46166 | M28: =Tabela37[[#This Row],[VALOR REALIZADO]] -> 0 | N28: =IFERROR(E28-Tabela37[[#This Row],[META MÍNIMA]],"") -> 0 | O28: =IFERROR(E28-Tabela37[[#This Row],[TOP 1]],"") | P28: =IFERROR(E28-Tabela37[[#This Row],[TOP 2]],"") | Q28: =IFERROR(E28-Tabela37[[#This Row],[MASTER]],"")
B29: 25 | C29: =DATE($J$2,$J$1,B29) -> 46167 | D29: =UPPER(TEXT(C29,"dddd")) -> SEGUNDA-FEIRA | F29: ="Semana " & INT((DAY(C29)+WEEKDAY(DATE(YEAR(C29),MONTH(C29),1),1)-2)/7)+1 -> Semana 5 | G29: ='METAS - SOBRAL'!F25 -> 4767.5176 | H29: ='METAS - SOBRAL'!F49 -> 5789.1286 | I29: ='METAS - SOBRAL'!F73 -> 6810.7395 | J29: ='METAS - SOBRAL'!F97 -> 7832.3504 | L29: =Tabela37[[#This Row],[DATA]] -> 46167 | M29: =Tabela37[[#This Row],[VALOR REALIZADO]] -> 0 | N29: =IFERROR(E29-Tabela37[[#This Row],[META MÍNIMA]],"") -> -4767.5176 | O29: =IFERROR(E29-Tabela37[[#This Row],[TOP 1]],"") -> -5789.1286 | P29: =IFERROR(E29-Tabela37[[#This Row],[TOP 2]],"") -> -6810.7395 | Q29: =IFERROR(E29-Tabela37[[#This Row],[MASTER]],"") -> -7832.3504
B30: 26 | C30: =DATE($J$2,$J$1,B30) -> 46168 | D30: =UPPER(TEXT(C30,"dddd")) -> TERÇA-FEIRA | F30: ="Semana " & INT((DAY(C30)+WEEKDAY(DATE(YEAR(C30),MONTH(C30),1),1)-2)/7)+1 -> Semana 5 | G30: ='METAS - SOBRAL'!F26 -> 4768.9338 | H30: ='METAS - SOBRAL'!F50 -> 5790.8482 | I30: ='METAS - SOBRAL'!F74 -> 6812.7626 | J30: ='METAS - SOBRAL'!F98 -> 7834.677 | L30: =Tabela37[[#This Row],[DATA]] -> 46168 | M30: =Tabela37[[#This Row],[VALOR REALIZADO]] -> 0 | N30: =IFERROR(E30-Tabela37[[#This Row],[META MÍNIMA]],"") -> -4768.9338 | O30: =IFERROR(E30-Tabela37[[#This Row],[TOP 1]],"") -> -5790.8482 | P30: =IFERROR(E30-Tabela37[[#This Row],[TOP 2]],"") -> -6812.7626 | Q30: =IFERROR(E30-Tabela37[[#This Row],[MASTER]],"") -> -7834.677
B31: 27 | C31: =DATE($J$2,$J$1,B31) -> 46169 | D31: =UPPER(TEXT(C31,"dddd")) -> QUARTA-FEIRA | F31: ="Semana " & INT((DAY(C31)+WEEKDAY(DATE(YEAR(C31),MONTH(C31),1),1)-2)/7)+1 -> Semana 5 | G31: ='METAS - SOBRAL'!F27 -> 5654.3789 | H31: ='METAS - SOBRAL'!F51 -> 6866.0315 | I31: ='METAS - SOBRAL'!F75 -> 8077.6841 | J31: ='METAS - SOBRAL'!F99 -> 9289.3368 | L31: =Tabela37[[#This Row],[DATA]] -> 46169 | M31: =Tabela37[[#This Row],[VALOR REALIZADO]] -> 0 | N31: =IFERROR(E31-Tabela37[[#This Row],[META MÍNIMA]],"") -> -5654.3789 | O31: =IFERROR(E31-Tabela37[[#This Row],[TOP 1]],"") -> -6866.0315 | P31: =IFERROR(E31-Tabela37[[#This Row],[TOP 2]],"") -> -8077.6841 | Q31: =IFERROR(E31-Tabela37[[#This Row],[MASTER]],"") -> -9289.3368
B32: 28 | C32: =DATE($J$2,$J$1,B32) -> 46170 | D32: =UPPER(TEXT(C32,"dddd")) -> QUINTA-FEIRA | F32: ="Semana " & INT((DAY(C32)+WEEKDAY(DATE(YEAR(C32),MONTH(C32),1),1)-2)/7)+1 -> Semana 5 | G32: ='METAS - SOBRAL'!F28 -> 7079.689 | H32: ='METAS - SOBRAL'!F52 -> 8596.7652 | I32: ='METAS - SOBRAL'!F76 -> 10113.841 | J32: ='METAS - SOBRAL'!F100 -> 11630.918 | L32: =Tabela37[[#This Row],[DATA]] -> 46170 | M32: =Tabela37[[#This Row],[VALOR REALIZADO]] -> 0 | N32: =IFERROR(E32-Tabela37[[#This Row],[META MÍNIMA]],"") -> -7079.689 | O32: =IFERROR(E32-Tabela37[[#This Row],[TOP 1]],"") -> -8596.7652 | P32: =IFERROR(E32-Tabela37[[#This Row],[TOP 2]],"") -> -10113.841 | Q32: =IFERROR(E32-Tabela37[[#This Row],[MASTER]],"") -> -11630.918
B33: 29 | C33: =DATE($J$2,$J$1,B33) -> 46171 | D33: =UPPER(TEXT(C33,"dddd")) -> SEXTA-FEIRA | F33: ="Semana " & INT((DAY(C33)+WEEKDAY(DATE(YEAR(C33),MONTH(C33),1),1)-2)/7)+1 -> Semana 5 | G33: ='METAS - SOBRAL'!F29 -> 6550.0506 | H33: ='METAS - SOBRAL'!F53 -> 7953.6329 | I33: ='METAS - SOBRAL'!F77 -> 9357.2152 | J33: ='METAS - SOBRAL'!F101 -> 10760.797 | L33: =Tabela37[[#This Row],[DATA]] -> 46171 | M33: =Tabela37[[#This Row],[VALOR REALIZADO]] -> 0 | N33: =IFERROR(E33-Tabela37[[#This Row],[META MÍNIMA]],"") -> -6550.0506 | O33: =IFERROR(E33-Tabela37[[#This Row],[TOP 1]],"") -> -7953.6329 | P33: =IFERROR(E33-Tabela37[[#This Row],[TOP 2]],"") -> -9357.2152 | Q33: =IFERROR(E33-Tabela37[[#This Row],[MASTER]],"") -> -10760.797
B34: 30 | C34: =DATE($J$2,$J$1,B34) -> 46172 | D34: =UPPER(TEXT(C34,"dddd")) -> SÁBADO | F34: ="Semana " & INT((DAY(C34)+WEEKDAY(DATE(YEAR(C34),MONTH(C34),1),1)-2)/7)+1 -> Semana 5 | G34: ='METAS - SOBRAL'!F30 -> 4943.544 | H34: ='METAS - SOBRAL'!F54 -> 6002.8749 | I34: ='METAS - SOBRAL'!F78 -> 7062.2057 | J34: ='METAS - SOBRAL'!F102 -> 8121.5366 | L34: =Tabela37[[#This Row],[DATA]] -> 46172 | M34: =Tabela37[[#This Row],[VALOR REALIZADO]] -> 0 | N34: =IFERROR(E34-Tabela37[[#This Row],[META MÍNIMA]],"") -> -4943.544 | O34: =IFERROR(E34-Tabela37[[#This Row],[TOP 1]],"") -> -6002.8749 | P34: =IFERROR(E34-Tabela37[[#This Row],[TOP 2]],"") -> -7062.2057 | Q34: =IFERROR(E34-Tabela37[[#This Row],[MASTER]],"") -> -8121.5366
B35: 31 | C35: =DATE($J$2,$J$1,B35) -> 46173 | D35: =UPPER(TEXT(C35,"dddd")) -> DOMINGO | F35: ="Semana " & INT((DAY(C35)+WEEKDAY(DATE(YEAR(C35),MONTH(C35),1),1)-2)/7)+1 -> Semana 6 | L35: =Tabela37[[#This Row],[DATA]] -> 46173 | M35: =Tabela37[[#This Row],[VALOR REALIZADO]] -> 0 | N35: =IFERROR(E35-Tabela37[[#This Row],[META MÍNIMA]],"") -> 0 | O35: =IFERROR(E35-Tabela37[[#This Row],[TOP 1]],"") -> 0 | P35: =IFERROR(E35-Tabela37[[#This Row],[TOP 2]],"") -> 0 | Q35: =IFERROR(E35-Tabela37[[#This Row],[MASTER]],"") -> 0
C36: Total | E36: =SUBTOTAL(109,Tabela37[VALOR REALIZADO]) -> 0 | G36: =SUBTOTAL(109,Tabela37[META MÍNIMA]) -> 140000 | H36: =SUBTOTAL(109,Tabela37[TOP 1]) -> 170000 | I36: =SUBTOTAL(109,Tabela37[TOP 2]) -> 200000 | J36: =SUBTOTAL(109,Tabela37[MASTER]) -> 230000
F37: Concluído | G37: =Tabela37[[#Totals],[VALOR REALIZADO]]/Tabela37[[#Totals],[META MÍNIMA]] -> 0 | H37: =Tabela37[[#Totals],[VALOR REALIZADO]]/Tabela37[[#Totals],[TOP 1]] -> 0 | I37: =Tabela37[[#Totals],[VALOR REALIZADO]]/Tabela37[[#Totals],[TOP 2]] -> 0 | J37: =Tabela37[[#Totals],[VALOR REALIZADO]]/Tabela37[[#Totals],[MASTER]] -> 0

Sheet Detalhes2
A1: Detalhes do Valor Total
A3: DATA | B3: DIA DA SEMANA | C3: VALOR
A4: 45809 | B4: DOMINGO | C4: 0
A5: 45816 | B5: DOMINGO | C5: 0
A6: 45823 | B6: DOMINGO | C6: 0
A7: 45830 | B7: DOMINGO | C7: 0
A8: 45837 | B8: DOMINGO | C8: 0
A9: 45810 | B9: SEGUNDA-FEIRA | C9: 3898
A10: 45817 | B10: SEGUNDA-FEIRA | C10: 5775
A11: 45824 | B11: SEGUNDA-FEIRA | C11: 5795.6
A12: 45831 | B12: SEGUNDA-FEIRA | C12: 6519.07
A13: 45838 | B13: SEGUNDA-FEIRA | C13: 669
A14: 45811 | B14: TERÇA-FEIRA | C14: 3090
A15: 45818 | B15: TERÇA-FEIRA | C15: 10648
... A33: 45836 | B33: SÁBADO | C33: 6585.3

Sheet SOBRAL
B1: DATA | C1: DIA DA SEMANA | D1: VALOR | F1: ANO | G1: 2026 | J1: MÍNIMA | M1: MÍNIMA | W1: TOP 1 | AG1: TOP 2 | AQ1: MASTER
B2: 46054 | C2: =UPPER(TEXT(B2,"dddd")) -> DOMINGO | D2: 0 | F2: DIA DA SEMANA | G2: Valor Total | H2: % | J2: FATURAMENTO | K2: 140000 | M2: MÊS | N2: ANO | O2: META MENSAL | P2: DIA DA SEMANA | Q2: PERCENTUAL DE REPRESENTATIVIDADE | R2: QUANTIDADE | W2: MÊS | X2: ANO | Y2: META MENSAL | Z2: DIA DA SEMANA | AA2: PERCENTUAL DE REPRESENTATIVIDADE | AB2: QUANTIDADE | AG2: MÊS | AH2: ANO | AI2: META MENSAL | AJ2: DIA DA SEMANA | AK2: PERCENTUAL DE REPRESENTATIVIDADE | AL2: QUANTIDADE | AQ2: MÊS | AR2: ANO | AS2: META MENSAL | AT2: DIA DA SEMANA | AU2: PERCENTUAL DE REPRESENTATIVIDADE | AV2: QUANTIDADE
B3: 46055 | C3: =UPPER(TEXT(B3,"dddd")) -> SEGUNDA-FEIRA | D3: 3898 | F3: DOMINGO | G3: 0 | H3: 0 | J3: DIAS ÚTEIS | K3: 25 | M3: 5 | N3: =$G$1 -> 2026 | O3: =$K$2 -> 140000 | P3: DOMINGO | Q3: =$H$3 -> 0 | R3: 5 | W3: =Tabela6[[#This Row],[MÊS]] -> 5 | X3: =Tabela6[[#This Row],[ANO]] -> 2026 | Y3: =$K$7 -> 170000 | Z3: DOMINGO | AA3: =$H$3 -> 0 | AB3: =Tabela6[[#This Row],[QUANTIDADE]] -> 5 | AG3: =Tabela69[[#This Row],[MÊS]] -> 5 | AH3: =Tabela6[[#This Row],[ANO]] -> 2026 | AI3: =$K$13 -> 200000 | AJ3: DOMINGO | AK3: =$H$3 -> 0 | AL3: 4 | AQ3: =Tabela6911[[#This Row],[MÊS]] -> 5 | AR3: =Tabela6911[[#This Row],[ANO]] -> 2026 | AS3: =$K$19 -> 230000 | AT3: DOMINGO | AU3: =$H$3 -> 0 | AV3: =Tabela6911[[#This Row],[QUANTIDADE]] -> 4
B4: 46056 | C4: =UPPER(TEXT(B4,"dddd")) -> TERÇA-FEIRA | D4: =265+387+1082+1356 -> 3090 | F4: SEGUNDA-FEIRA | G4: 22656.67 | H4: 0.13621479 | J4: MÉDIA/ DIA | K4: =K2/K3 -> 5600 | M4: 5 | N4: =$G$1 -> 2026 | O4: =$K$2 -> 140000 | P4: SEGUNDA-FEIRA | Q4: =$H$4 -> 0.13621479 | R4: 4 | W4: =Tabela6[[#This Row],[MÊS]] -> 5 | X4: =Tabela6[[#This Row],[ANO]] -> 2026 | Y4: =$K$7 -> 170000 | Z4: SEGUNDA-FEIRA | AA4: =$H$4 -> 0.13621479 | AB4: =Tabela6[[#This Row],[QUANTIDADE]] -> 4 | AG4: =Tabela69[[#This Row],[MÊS]] -> 5 | AH4: =Tabela6[[#This Row],[ANO]] -> 2026 | AI4: =$K$13 -> 200000 | AJ4: SEGUNDA-FEIRA | AK4: =$H$4 -> 0.13621479 | AL4: =Tabela69[[#This Row],[QUANTIDADE]] -> 4 | AQ4: =Tabela6911[[#This Row],[MÊS]] -> 5 | AR4: =Tabela6911[[#This Row],[ANO]] -> 2026 | AS4: =$K$19 -> 230000 | AT4: SEGUNDA-FEIRA | AU4: =$H$4 -> 0.13621479 | AV4: =Tabela6911[[#This Row],[QUANTIDADE]] -> 4
B5: 46057 | C5: =UPPER(TEXT(B5,"dddd")) -> QUARTA-FEIRA | D5: =40+2384+0+1395 -> 3819 | F5: TERÇA-FEIRA | G5: 22663.4 | H5: 0.13625525 | M5: 5 | N5: =$G$1 -> 2026 | O5: =$K$2 -> 140000 | P5: TERÇA-FEIRA | Q5: =$H$5 -> 0.13625525 | R5: 4 | W5: =Tabela6[[#This Row],[MÊS]] -> 5 | X5: =Tabela6[[#This Row],[ANO]] -> 2026 | Y5: =$K$7 -> 170000 | Z5: TERÇA-FEIRA | AA5: =$H$5 -> 0.13625525 | AB5: =Tabela6[[#This Row],[QUANTIDADE]] -> 4 | AG5: =Tabela69[[#This Row],[MÊS]] -> 5 | AH5: =Tabela6[[#This Row],[ANO]] -> 2026 | AI5: =$K$13 -> 200000 | AJ5: TERÇA-FEIRA | AK5: =$H$5 -> 0.13625525 | AL5: =Tabela69[[#This Row],[QUANTIDADE]] -> 4 | AQ5: =Tabela6911[[#This Row],[MÊS]] -> 5 | AR5: =Tabela6911[[#This Row],[ANO]] -> 2026 | AS5: =$K$19 -> 230000 | AT5: TERÇA-FEIRA | AU5: =$H$5 -> 0.13625525 | AV5: =Tabela6911[[#This Row],[QUANTIDADE]] -> 4
B6: 46058 | C6: =UPPER(TEXT(B6,"dddd")) -> QUINTA-FEIRA | D6: =1010+4829+3394.9 -> 9233.9 | F6: QUARTA-FEIRA | G6: 26871.3 | H6: 0.16155368 | J6: TOP1 | M6: 5 | N6: =$G$1 -> 2026 | O6: =$K$2 -> 140000 | P6: QUARTA-FEIRA | Q6: =$H$6 -> 0.16155368 | R6: 4 | W6: =Tabela6[[#This Row],[MÊS]] -> 5 | X6: =Tabela6[[#This Row],[ANO]] -> 2026 | Y6: =$K$7 -> 170000 | Z6: QUARTA-FEIRA | AA6: =$H$6 -> 0.16155368 | AB6: =Tabela6[[#This Row],[QUANTIDADE]] -> 4 | AG6: =Tabela69[[#This Row],[MÊS]] -> 5 | AH6: =Tabela6[[#This Row],[ANO]] -> 2026 | AI6: =$K$13 -> 200000 | AJ6: QUARTA-FEIRA | AK6: =$H$6 -> 0.16155368 | AL6: =Tabela69[[#This Row],[QUANTIDADE]] -> 4 | AQ6: =Tabela6911[[#This Row],[MÊS]] -> 5 | AR6: =Tabela6911[[#This Row],[ANO]] -> 2026 | AS6: =$K$19 -> 230000 | AT6: QUARTA-FEIRA | AU6: =$H$6 -> 0.16155368 | AV6: =Tabela6911[[#This Row],[QUANTIDADE]] -> 4
B7: 46059 | C7: =UPPER(TEXT(B7,"dddd")) -> SEXTA-FEIRA | D7: =506+4209.7-1+4858.6 -> 9573.3 | F7: QUINTA-FEIRA | G7: 33644.8 | H7: 0.20227683 | J7: FATURAMENTO | K7: 170000 | M7: 5 | N7: =$G$1 -> 2026 | O7: =$K$2 -> 140000 | P7: QUINTA-FEIRA | Q7: =$H$7 -> 0.20227683 | R7: 4 | W7: =Tabela6[[#This Row],[MÊS]] -> 5 | X7: =Tabela6[[#This Row],[ANO]] -> 2026 | Y7: =$K$7 -> 170000 | Z7: QUINTA-FEIRA | AA7: =$H$7 -> 0.20227683 | AB7: =Tabela6[[#This Row],[QUANTIDADE]] -> 4 | AG7: =Tabela69[[#This Row],[MÊS]] -> 5 | AH7: =Tabela6[[#This Row],[ANO]] -> 2026 | AI7: =$K$13 -> 200000 | AJ7: QUINTA-FEIRA | AK7: =$H$7 -> 0.20227683 | AL7: =Tabela69[[#This Row],[QUANTIDADE]] -> 4 | AQ7: =Tabela6911[[#This Row],[MÊS]] -> 5 | AR7: =Tabela6911[[#This Row],[ANO]] -> 2026 | AS7: =$K$19 -> 230000 | AT7: QUINTA-FEIRA | AU7: =$H$7 -> 0.20227683 | AV7: =Tabela6911[[#This Row],[QUANTIDADE]] -> 4
B8: 46060 | C8: =UPPER(TEXT(B8,"dddd")) -> SÁBADO | D8: =249+5161+2114 -> 7524 | F8: SEXTA-FEIRA | G8: 31127.8 | H8: 0.1871443 | J8: DIAS ÚTEIS | K8: =K3 -> 25 | M8: 5 | N8: =$G$1 -> 2026 | O8: =$K$2 -> 140000 | P8: SEXTA-FEIRA | Q8: =$H$8 -> 0.1871443 | R8: 4 | W8: =Tabela6[[#This Row],[MÊS]] -> 5 | X8: =Tabela6[[#This Row],[ANO]] -> 2026 | Y8: =$K$7 -> 170000 | Z8: SEXTA-FEIRA | AA8: =$H$8 -> 0.1871443 | AB8: =Tabela6[[#This Row],[QUANTIDADE]] -> 4 | AG8: =Tabela69[[#This Row],[MÊS]] -> 5 | AH8: =Tabela6[[#This Row],[ANO]] -> 2026 | AI8: =$K$13 -> 200000 | AJ8: SEXTA-FEIRA | AK8: =$H$8 -> 0.1871443 | AL8: =Tabela69[[#This Row],[QUANTIDADE]] -> 4 | AQ8: =Tabela6911[[#This Row],[MÊS]] -> 5 | AR8: =Tabela6911[[#This Row],[ANO]] -> 2026 | AS8: =$K$19 -> 230000 | AT8: SEXTA-FEIRA | AU8: =$H$8 -> 0.1871443 | AV8: =Tabela6911[[#This Row],[QUANTIDADE]] -> 4
B9: 46061 | C9: =UPPER(TEXT(B9,"dddd")) -> DOMINGO | D9: 0 | F9: SÁBADO | G9: 29366.5 | H9: 0.17655514 | J9: MÉDIA/ DIA | K9: =K7/K8 -> 6800 | M9: 5 | N9: =$G$1 -> 2026 | O9: =$K$2 -> 140000 | P9: SÁBADO | Q9: =H9 -> 0.17655514 | R9: 5 | W9: =Tabela6[[#This Row],[MÊS]] -> 5 | X9: =Tabela6[[#This Row],[ANO]] -> 2026 | Y9: =$K$7 -> 170000 | Z9: SÁBADO | AA9: =$H$9 -> 0.17655514 | AB9: =Tabela6[[#This Row],[QUANTIDADE]] -> 5 | AG9: =Tabela69[[#This Row],[MÊS]] -> 5 | AH9: =Tabela6[[#This Row],[ANO]] -> 2026 | AI9: =$K$13 -> 200000 | AJ9: SÁBADO | AK9: =$H$9 -> 0.17655514 | AL9: =Tabela69[[#This Row],[QUANTIDADE]] -> 5 | AQ9: =Tabela6911[[#This Row],[MÊS]] -> 5 | AR9: =Tabela6911[[#This Row],[ANO]] -> 2026 | AS9: =$K$19 -> 230000 | AT9: SÁBADO | AU9: =$H$9 -> 0.17655514 | AV9: =Tabela6911[[#This Row],[QUANTIDADE]] -> 5
B10: 46062 | C10: =UPPER(TEXT(B10,"dddd")) -> SEGUNDA-FEIRA | D10: =303+3742+0+1730 -> 5775 | F10: Total Geral | G10: 166330.47 | H10: 1 | M10: 5 | N10: =$G$1 -> 2026 | O10: =$K$2 -> 140000 | Q10: =H10 -> 1 | W10: Total | AA10: =SUBTOTAL(109,Tabela69[PERCENTUAL DE REPRESENTATIVIDADE]) -> 1 | AB10: =SUBTOTAL(109,Tabela69[QUANTIDADE]) -> 30 | AG10: Total | AK10: =SUBTOTAL(109,Tabela6911[PERCENTUAL DE REPRESENTATIVIDADE]) -> 1 | AL10: =SUBTOTAL(109,Tabela6911[QUANTIDADE]) -> 29 | AQ10: Total | AU10: =SUBTOTAL(109,Tabela691113[PERCENTUAL DE REPRESENTATIVIDADE]) -> 1 | AV10: =SUBTOTAL(109,Tabela691113[QUANTIDADE]) -> 29
B11: 46063 | C11: =UPPER(TEXT(B11,"dddd")) -> TERÇA-FEIRA | D11: =1451+5070+4127 -> 10648 | M11: Total | Q11: =SUBTOTAL(109,Tabela6[PERCENTUAL DE REPRESENTATIVIDADE]) -> 2 | R11: =SUBTOTAL(109,Tabela6[QUANTIDADE]) -> 30
B12: 46064 | C12: =UPPER(TEXT(B12,"dddd")) -> QUARTA-FEIRA | D12: =137+5003+5046 -> 10186 | J12: TOP 2
B13: 46065 | C13: =UPPER(TEXT(B13,"dddd")) -> QUINTA-FEIRA | D13: =1154+4083+6627 -> 11864 | J13: FATURAMENTO | K13: 200000 | M13: MÊS | N13: ANO | O13: META MENSAL | P13: DIA DA SEMANA | Q13: VALOR DO DIA DA SEMANA | R13: QUANTIDADE | W13: MÊS | X13: ANO | Y13: META MENSAL | Z13: DIA DA SEMANA | AA13: VALOR DO DIA DA SEMANA | AB13: QUANTIDADE | AG13: MÊS | AH13: ANO | AI13: META MENSAL | AJ13: DIA DA SEMANA | AK13: VALOR DO DIA DA SEMANA | AL13: QUANTIDADE | AQ13: MÊS | AR13: ANO | AS13: META MENSAL | AT13: DIA DA SEMANA | AU13: VALOR DO DIA DA SEMANA | AV13: QUANTIDADE
B14: 46066 | C14: =UPPER(TEXT(B14,"dddd")) -> SEXTA-FEIRA | D14: =906+3292+5104 -> 9302 | J14: DIAS ÚTEIS | K14: =K8 -> 25 | M14: =M3 -> 5 | N14: =N3 -> 2026 | O14: =O3 -> 140000 | P14: DOMINGO | Q14: =(O3*Q3)/Tabela68[[#This Row],[QUANTIDADE]] -> 0 | R14: =R3 -> 5 | W14: =W3 -> 5 | X14: =X3 -> 2026 | Y14: =Y3 -> 170000 | Z14: DOMINGO | AA14: =(Y3*AA3)/Tabela6810[[#This Row],[QUANTIDADE]] -> 0 | AB14: =AB3 -> 5 | AG14: =AG3 -> 5 | AH14: =AH3 -> 2026 | AI14: =AI3 -> 200000 | AJ14: DOMINGO | AK14: =(AI3*AK3)/Tabela681012[[#This Row],[QUANTIDADE]] -> 0 | AL14: =AL3 -> 4 | AQ14: =AQ3 -> 5 | AR14: =AR3 -> 2026 | AS14: =AS3 -> 230000 | AT14: DOMINGO | AU14: =(AS3*AU3)/Tabela68101214[[#This Row],[QUANTIDADE]] -> 0 | AV14: =AV3 -> 4
B15: 46067 | C15: =UPPER(TEXT(B15,"dddd")) -> SÁBADO | D15: =22+6365-10+1836 -> 8213 | J15: MÉDIA/ DIA | K15: =K13/K14 -> 8000 | M15: =M4 -> 5 | N15: =N4 -> 2026 | O15: =O4 -> 140000 | P15: SEGUNDA-FEIRA | Q15: =(O4*Q4)/Tabela68[[#This Row],[QUANTIDADE]] -> 4767.5176 | R15: =R4 -> 4 | W15: =W4 -> 5 | X15: =X4 -> 2026 | Y15: =Y4 -> 170000 | Z15: SEGUNDA-FEIRA | AA15: =(Y4*AA4)/Tabela6810[[#This Row],[QUANTIDADE]] -> 5789.1286 | AB15: =AB4 -> 4 | AG15: =AG4 -> 5 | AH15: =AH4 -> 2026 | AI15: =AI4 -> 200000 | AJ15: SEGUNDA-FEIRA | AK15: =(AI4*AK4)/Tabela681012[[#This Row],[QUANTIDADE]] -> 6810.7395 | AL15: =AL4 -> 4 | AQ15: =AQ4 -> 5 | AR15: =AR4 -> 2026 | AS15: =AS4 -> 230000 | AT15: SEGUNDA-FEIRA | AU15: =(AS4*AU4)/Tabela68101214[[#This Row],[QUANTIDADE]] -> 7832.3504 | AV15: =AV4 -> 4
B16: 46068 | C16: =UPPER(TEXT(B16,"dddd")) -> DOMINGO | D16: 0 | M16: =M5 -> 5 | N16: =N5 -> 2026 | O16: =O5 -> 140000 | P16: TERÇA-FEIRA | Q16: =(O5*Q5)/Tabela68[[#This Row],[QUANTIDADE]] -> 4768.9338 | R16: =R5 -> 4 | W16: =W5 -> 5 | X16: =X5 -> 2026 | Y16: =Y5 -> 170000 | Z16: TERÇA-FEIRA | AA16: =(Y5*AA5)/Tabela6810[[#This Row],[QUANTIDADE]] -> 5790.8482 | AB16: =AB5 -> 4 | AG16: =AG5 -> 5 | AH16: =AH5 -> 2026 | AI16: =AI5 -> 200000 | AJ16: TERÇA-FEIRA | AK16: =(AI5*AK5)/Tabela681012[[#This Row],[QUANTIDADE]] -> 6812.7626 | AL16: =AL5 -> 4 | AQ16: =AQ5 -> 5 | AR16: =AR5 -> 2026 | AS16: =AS5 -> 230000 | AT16: TERÇA-FEIRA | AU16: =(AS5*AU5)/Tabela68101214[[#This Row],[QUANTIDADE]] -> 7834.677 | AV16: =AV5 -> 4
B17: 46069 | C17: =UPPER(TEXT(B17,"dddd")) -> SEGUNDA-FEIRA | D17: =1188+2793+1814.6 -> 5795.6 | M17: =M6 -> 5 | N17: =N6 -> 2026 | O17: =O6 -> 140000 | P17: QUARTA-FEIRA | Q17: =(O6*Q6)/Tabela68[[#This Row],[QUANTIDADE]] -> 5654.3789 | R17: =R6 -> 4 | W17: =W6 -> 5 | X17: =X6 -> 2026 | Y17: =Y6 -> 170000 | Z17: QUARTA-FEIRA | AA17: =(Y6*AA6)/Tabela6810[[#This Row],[QUANTIDADE]] -> 6866.0315 | AB17: =AB6 -> 4 | AG17: =AG6 -> 5 | AH17: =AH6 -> 2026 | AI17: =AI6 -> 200000 | AJ17: QUARTA-FEIRA | AK17: =(AI6*AK6)/Tabela681012[[#This Row],[QUANTIDADE]] -> 8077.6841 | AL17: =AL6 -> 4 | AQ17: =AQ6 -> 5 | AR17: =AR6 -> 2026 | AS17: =AS6 -> 230000 | AT17: QUARTA-FEIRA | AU17: =(AS6*AU6)/Tabela68101214[[#This Row],[QUANTIDADE]] -> 9289.3368 | AV17: =AV6 -> 4
B18: 46070 | C18: =UPPER(TEXT(B18,"dddd")) -> TERÇA-FEIRA | D18: =1355+1508.7+0+420 -> 3283.7 | J18: MASTER | M18: =M7 -> 5 | N18: =N7 -> 2026 | O18: =O7 -> 140000 | P18: QUINTA-FEIRA | Q18: =(O7*Q7)/Tabela68[[#This Row],[QUANTIDADE]] -> 7079.689 | R18: =R7 -> 4 | W18: =W7 -> 5 | X18: =X7 -> 2026 | Y18: =Y7 -> 170000 | Z18: QUINTA-FEIRA | AA18: =(Y7*AA7)/Tabela6810[[#This Row],[QUANTIDADE]] -> 8596.7652 | AB18: =AB7 -> 4 | AG18: =AG7 -> 5 | AH18: =AH7 -> 2026 | AI18: =AI7 -> 200000 | AJ18: QUINTA-FEIRA | AK18: =(AI7*AK7)/Tabela681012[[#This Row],[QUANTIDADE]] -> 10113.841 | AL18: =AL7 -> 4 | AQ18: =AQ7 -> 5 | AR18: =AR7 -> 2026 | AS18: =AS7 -> 230000 | AT18: QUINTA-FEIRA | AU18: =(AS7*AU7)/Tabela68101214[[#This Row],[QUANTIDADE]] -> 11630.918 | AV18: =AV7 -> 4
B19: 46071 | C19: =UPPER(TEXT(B19,"dddd")) -> QUARTA-FEIRA | D19: =1332.2+3138+3051.5 -> 7521.7 | J19: FATURAMENTO | K19: 230000 | M19: =M8 -> 5 | N19: =N8 -> 2026 | O19: =O8 -> 140000 | P19: SEXTA-FEIRA | Q19: =(O8*Q8)/Tabela68[[#This Row],[QUANTIDADE]] -> 6550.0506 | R19: =R8 -> 4 | W19: =W8 -> 5 | X19: =X8 -> 2026 | Y19: =Y8 -> 170000 | Z19: SEXTA-FEIRA | AA19: =(Y8*AA8)/Tabela6810[[#This Row],[QUANTIDADE]] -> 7953.6329 | AB19: =AB8 -> 4 | AG19: =AG8 -> 5 | AH19: =AH8 -> 2026 | AI19: =AI8 -> 200000 | AJ19: SEXTA-FEIRA | AK19: =(AI8*AK8)/Tabela681012[[#This Row],[QUANTIDADE]] -> 9357.2152 | AL19: =AL8 -> 4 | AQ19: =AQ8 -> 5 | AR19: =AR8 -> 2026 | AS19: =AS8 -> 230000 | AT19: SEXTA-FEIRA | AU19: =(AS8*AU8)/Tabela68101214[[#This Row],[QUANTIDADE]] -> 10760.797 | AV19: =AV8 -> 4
B20: 46072 | C20: =UPPER(TEXT(B20,"dddd")) -> QUINTA-FEIRA | D20: =1319+1872+535 -> 3726 | J20: DIAS ÚTEIS | K20: =K14 -> 25 | M20: =M9 -> 5 | N20: =N9 -> 2026 | O20: =O9 -> 140000 | P20: SÁBADO | Q20: =(O9*Q9)/Tabela68[[#This Row],[QUANTIDADE]] -> 4943.544 | R20: =R9 -> 5 | W20: =W9 -> 5 | X20: =X9 -> 2026 | Y20: =Y9 -> 170000 | Z20: SÁBADO | AA20: =(Y9*AA9)/Tabela6810[[#This Row],[QUANTIDADE]] -> 6002.8749 | AB20: =AB9 -> 5 | AG20: =AG9 -> 5 | AH20: =AH9 -> 2026 | AI20: =AI9 -> 200000 | AJ20: SÁBADO | AK20: =(AI9*AK9)/Tabela681012[[#This Row],[QUANTIDADE]] -> 7062.2057 | AL20: =AL9 -> 5 | AQ20: =AQ9 -> 5 | AR20: =AR9 -> 2026 | AS20: =AS9 -> 230000 | AT20: SÁBADO | AU20: =(AS9*AU9)/Tabela68101214[[#This Row],[QUANTIDADE]] -> 8121.5366 | AV20: =AV9 -> 5
B21: 46073 | C21: =UPPER(TEXT(B21,"dddd")) -> SEXTA-FEIRA | D21: =329+3856+2484 -> 6669 | J21: MÉDIA/ DIA | K21: =K19/K20 -> 9200
B22: 46074 | C22: =UPPER(TEXT(B22,"dddd")) -> SÁBADO | D22: =663+4025+0+2356.2 -> 7044.2
B23: 46075 | C23: =UPPER(TEXT(B23,"dddd")) -> DOMINGO | D23: 0
B24: 46076 | C24: =UPPER(TEXT(B24,"dddd")) -> SEGUNDA-FEIRA | D24: =3967+2552.07 -> 6519.07
B25: 46077 | C25: =UPPER(TEXT(B25,"dddd")) -> TERÇA-FEIRA | D25: =228+3599+1814.7 -> 5641.7
B26: 46078 | C26: =UPPER(TEXT(B26,"dddd")) -> QUARTA-FEIRA | D26: =3209+2135.6 -> 5344.6
B27: 46079 | C27: =UPPER(TEXT(B27,"dddd")) -> QUINTA-FEIRA | D27: =602+4957+0+3261.9 -> 8820.9
B28: 46080 | C28: =UPPER(TEXT(B28,"dddd")) -> SEXTA-FEIRA | D28: =306.5+3874+1403 -> 5583.5
B29: 46081 | C29: =UPPER(TEXT(B29,"dddd")) -> SÁBADO | D29: =527+4230+0+1828.3 -> 6585.3
C30: =UPPER(TEXT(B30,"dddd")) -> SÁBADO | D30: 0
C31: =UPPER(TEXT(B31,"dddd")) -> SÁBADO | D31: 669
C32: =UPPER(TEXT(B32,"dddd")) -> SÁBADO
D33: =SUM(D2:D32) -> 166330.47 | M33: DISTRIBUIÇÃO DA META | W33: DISTRIBUIÇÃO DA META | AG33: DISTRIBUIÇÃO DA META | AQ33: DISTRIBUIÇÃO DA META
N36: SEMANA 1 | Q36: SEMANA 2 | T36: SEMANA 3 | X36: SEMANA 1 | AA36: SEMANA 2 | AD36: SEMANA 3 | AH36: SEMANA 1 | AK36: SEMANA 2 | AN36: SEMANA 3 | AR36: SEMANA 1 | AU36: SEMANA 2 | AX36: SEMANA 3
M37: NÃO | N37: DOMINGO | O37: =IF(M37="SIM",$Q$14,"") | P37: NÃO | Q37: DOMINGO | R37: =IF(P37="SIM",$Q$14,"") | S37: NÃO | T37: DOMINGO | U37: =IF(S37="SIM",$Q$14,"") | W37: =M37 -> NÃO | X37: DOMINGO | Y37: =IF(W37="SIM",$AA$14,"") | Z37: =P37 -> NÃO | AA37: DOMINGO | AB37: =IF(Z37="SIM",$AA$14,"") | AC37: =S37 -> NÃO | AD37: DOMINGO | AE37: =IF(AC37="SIM",$Q$14,"") | AG37: =W37 -> NÃO | AH37: DOMINGO | AI37: =IF(AG37="SIM",$AK$14,"") | AJ37: =Z37 -> NÃO | AK37: DOMINGO | AL37: =IF(AJ37="SIM",$AK$14,"") | AM37: =AC37 -> NÃO | AN37: DOMINGO | AO37: =IF(AM37="SIM",$AK$14,"") | AQ37: =AG37 -> NÃO | AR37: DOMINGO | AS37: =IF(AQ37="SIM",$AU$14,"") | AT37: =AJ37 -> NÃO | AU37: DOMINGO | AV37: =IF(AT37="SIM",$AU$14,"") | AW37: =AM37 -> NÃO | AX37: DOMINGO | AY37: =IF(AW37="SIM",$AU$14,"")
M38: NÃO | N38: SEGUNDA-FEIRA | O38: =IF(M38="SIM",$Q$15,"") | P38: SIM | Q38: SEGUNDA-FEIRA | R38: =IF(P38="SIM",$Q$15,"") -> 4767.5176 | S38: SIM | T38: SEGUNDA-FEIRA | U38: =IF(S38="SIM",$Q$15,"") -> 4767.5176 | W38: =M38 -> NÃO | X38: SEGUNDA-FEIRA | Y38: =IF(W38="SIM",$AA$15,"") | Z38: =P38 -> SIM | AA38: SEGUNDA-FEIRA | AB38: =IF(Z38="SIM",$AA$15,"") -> 5789.1286 | AC38: =S38 -> SIM | AD38: SEGUNDA-FEIRA | AE38: =IF(AC38="SIM",$AA$15,"") -> 5789.1286 | AG38: =W38 -> NÃO | AH38: SEGUNDA-FEIRA | AI38: =IF(AG38="SIM",$AK$15,"") | AJ38: =Z38 -> SIM | AK38: SEGUNDA-FEIRA | AL38: =IF(AJ38="SIM",$AK$15,"") -> 6810.7395 | AM38: =AC38 -> SIM | AN38: SEGUNDA-FEIRA | AO38: =IF(AM38="SIM",$AK$15,"") -> 6810.7395 | AQ38: =AG38 -> NÃO | AR38: SEGUNDA-FEIRA | AS38: =IF(AQ38="SIM",$AU$15,"") | AT38: =AJ38 -> SIM | AU38: SEGUNDA-FEIRA | AV38: =IF(AT38="SIM",$AU$15,"") -> 7832.3504 | AW38: =AM38 -> SIM | AX38: SEGUNDA-FEIRA | AY38: =IF(AW38="SIM",$AU$15,"") -> 7832.3504
M39: NÃO | N39: TERÇA-FEIRA | O39: =IF(M39="SIM",$Q$16,"") | P39: SIM | Q39: TERÇA-FEIRA | R39: =IF(P39="SIM",$Q$16,"") -> 4768.9338 | S39: SIM | T39: TERÇA-FEIRA | U39: =IF(S39="SIM",$Q$16,"") -> 4768.9338 | W39: =M39 -> NÃO | X39: TERÇA-FEIRA | Y39: =IF(W39="SIM",$AA$16,"") | Z39: =P39 -> SIM | AA39: TERÇA-FEIRA | AB39: =IF(Z39="SIM",$AA$16,"") -> 5790.8482 | AC39: =S39 -> SIM | AD39: TERÇA-FEIRA | AE39: =IF(AC39="SIM",$AA$16,"") -> 5790.8482 | AG39: =W39 -> NÃO | AH39: TERÇA-FEIRA | AI39: =IF(AG39="SIM",$AK$16,"") | AJ39: =Z39 -> SIM | AK39: TERÇA-FEIRA | AL39: =IF(AJ39="SIM",$AK$16,"") -> 6812.7626 | AM39: =AC39 -> SIM | AN39: TERÇA-FEIRA | AO39: =IF(AM39="SIM",$AK$16,"") -> 6812.7626 | AQ39: =AG39 -> NÃO | AR39: TERÇA-FEIRA | AS39: =IF(AQ39="SIM",$AU$16,"") | AT39: =AJ39 -> SIM | AU39: TERÇA-FEIRA | AV39: =IF(AT39="SIM",$AU$16,"") -> 7834.677 | AW39: =AM39 -> SIM | AX39: TERÇA-FEIRA | AY39: =IF(AW39="SIM",$AU$16,"") -> 7834.677
M40: NÃO | N40: QUARTA-FEIRA | O40: =IF(M40="SIM",$Q$17,"") | P40: SIM | Q40: QUARTA-FEIRA | R40: =IF(P40="SIM",$Q$17,"") -> 5654.3789 | S40: SIM | T40: QUARTA-FEIRA | U40: =IF(S40="SIM",$Q$17,"") -> 5654.3789 | W40: =M40 -> NÃO | X40: QUARTA-FEIRA | Y40: =IF(W40="SIM",$AA$17,"") | Z40: =P40 -> SIM | AA40: QUARTA-FEIRA | AB40: =IF(Z40="SIM",$AA$17,"") -> 6866.0315 | AC40: =S40 -> SIM | AD40: QUARTA-FEIRA | AE40: =IF(AC40="SIM",$AA$17,"") -> 6866.0315 | AG40: =W40 -> NÃO | AH40: QUARTA-FEIRA | AI40: =IF(AG40="SIM",$AK$17,"") | AJ40: =Z40 -> SIM | AK40: QUARTA-FEIRA | AL40: =IF(AJ40="SIM",$AK$17,"") -> 8077.6841 | AM40: =AC40 -> SIM | AN40: QUARTA-FEIRA | AO40: =IF(AM40="SIM",$AK$17,"") -> 8077.6841 | AQ40: =AG40 -> NÃO | AR40: QUARTA-FEIRA | AS40: =IF(AQ40="SIM",$AU$17,"") | AT40: =AJ40 -> SIM | AU40: QUARTA-FEIRA | AV40: =IF(AT40="SIM",$AU$17,"") -> 9289.3368 | AW40: =AM40 -> SIM | AX40: QUARTA-FEIRA | AY40: =IF(AW40="SIM",$AU$17,"") -> 9289.3368
M41: NÃO | N41: QUINTA-FEIRA | O41: =IF(M41="SIM",$Q$18,"") | P41: SIM | Q41: QUINTA-FEIRA | R41: =IF(P41="SIM",$Q$18,"") -> 7079.689 | S41: SIM | T41: QUINTA-FEIRA | U41: =IF(S41="SIM",$Q$18,"") -> 7079.689 | W41: =M41 -> NÃO | X41: QUINTA-FEIRA | Y41: =IF(W41="SIM",$AA$18,"") | Z41: =P41 -> SIM | AA41: QUINTA-FEIRA | AB41: =IF(Z41="SIM",$AA$18,"") -> 8596.7652 | AC41: =S41 -> SIM | AD41: QUINTA-FEIRA | AE41: =IF(AC41="SIM",$AA$18,"") -> 8596.7652 | AG41: =W41 -> NÃO | AH41: QUINTA-FEIRA | AI41: =IF(AG41="SIM",$AK$18,"") | AJ41: =Z41 -> SIM | AK41: QUINTA-FEIRA | AL41: =IF(AJ41="SIM",$AK$18,"") -> 10113.841 | AM41: =AC41 -> SIM | AN41: QUINTA-FEIRA | AO41: =IF(AM41="SIM",$AK$18,"") -> 10113.841 | AQ41: =AG41 -> NÃO | AR41: QUINTA-FEIRA | AS41: =IF(AQ41="SIM",$AU$18,"") | AT41: =AJ41 -> SIM | AU41: QUINTA-FEIRA | AV41: =IF(AT41="SIM",$AU$18,"") -> 11630.918 | AW41: =AM41 -> SIM | AX41: QUINTA-FEIRA | AY41: =IF(AW41="SIM",$AU$18,"") -> 11630.918
M42: NÃO | N42: SEXTA-FEIRA | O42: =IF(M42="SIM",$Q$19,"") | P42: SIM | Q42: SEXTA-FEIRA | R42: =IF(P42="SIM",$Q$19,"") -> 6550.0506 | S42: SIM | T42: SEXTA-FEIRA | U42: =IF(S42="SIM",$Q$19,"") -> 6550.0506 | W42: =M42 -> NÃO | X42: SEXTA-FEIRA | Y42: =IF(W42="SIM",$AA$19,"") | Z42: =P42 -> SIM | AA42: SEXTA-FEIRA | AB42: =IF(Z42="SIM",$AA$19,"") -> 7953.6329 | AC42: =S42 -> SIM | AD42: SEXTA-FEIRA | AE42: =IF(AC42="SIM",$AA$19,"") -> 7953.6329 | AG42: =W42 -> NÃO | AH42: SEXTA-FEIRA | AI42: =IF(AG42="SIM",$AK$19,"") | AJ42: =Z42 -> SIM | AK42: SEXTA-FEIRA | AL42: =IF(AJ42="SIM",$AK$19,"") -> 9357.2152 | AM42: =AC42 -> SIM | AN42: SEXTA-FEIRA | AO42: =IF(AM42="SIM",$AK$19,"") -> 9357.2152 | AQ42: =AG42 -> NÃO | AR42: SEXTA-FEIRA | AS42: =IF(AQ42="SIM",$AU$19,"") | AT42: =AJ42 -> SIM | AU42: SEXTA-FEIRA | AV42: =IF(AT42="SIM",$AU$19,"") -> 10760.797 | AW42: =AM42 -> SIM | AX42: SEXTA-FEIRA | AY42: =IF(AW42="SIM",$AU$19,"") -> 10760.797
M43: SIM | N43: SÁBADO | O43: =IF(M43="SIM",$Q$20,"") -> 4943.544 | P43: SIM | Q43: SÁBADO | R43: =IF(P43="SIM",$Q$20,"") -> 4943.544 | S43: SIM | T43: SÁBADO | U43: =IF(S43="SIM",$Q$20,"") -> 4943.544 | W43: =M43 -> SIM | X43: SÁBADO | Y43: =IF(W43="SIM",$AA$20,"") -> 6002.8749 | Z43: =P43 -> SIM | AA43: SÁBADO | AB43: =IF(Z43="SIM",$AA$20,"") -> 6002.8749 | AC43: =S43 -> SIM | AD43: SÁBADO | AE43: =IF(AC43="SIM",$AA$20,"") -> 6002.8749 | AG43: =W43 -> SIM | AH43: SÁBADO | AI43: =IF(AG43="SIM",$AK$20,"") -> 7062.2057 | AJ43: =Z43 -> SIM | AK43: SÁBADO | AL43: =IF(AJ43="SIM",$AK$20,"") -> 7062.2057 | AM43: =AC43 -> SIM | AN43: SÁBADO | AO43: =IF(AM43="SIM",$AK$20,"") -> 7062.2057 | AQ43: =AG43 -> SIM | AR43: SÁBADO | AS43: =IF(AQ43="SIM",$AU$20,"") -> 8121.5366 | AT43: =AJ43 -> SIM | AU43: SÁBADO | AV43: =IF(AT43="SIM",$AU$20,"") -> 8121.5366 | AW43: =AM43 -> SIM | AX43: SÁBADO | AY43: =IF(AW43="SIM",$AU$20,"") -> 8121.5366
N45: TOTAL | O45: =SUM(O38:O43) -> 4943.544 | Q45: TOTAL | R45: =SUM(R38:R43) -> 33764.114 | T45: TOTAL | U45: =SUM(U38:U43) -> 33764.114 | X45: TOTAL | Y45: =SUM(Y38:Y43) -> 6002.8749 | AA45: TOTAL | AB45: =SUM(AB38:AB43) -> 40999.281 | AD45: TOTAL | AE45: =SUM(AE38:AE43) -> 40999.281 | AH45: TOTAL | AI45: =SUM(AI38:AI43) -> 7062.2057 | AK45: TOTAL | AL45: =SUM(AL38:AL43) -> 48234.449 | AN45: TOTAL | AO45: =SUM(AO38:AO43) -> 48234.449 | AR45: TOTAL | AS45: =SUM(AS38:AS43) -> 8121.5366 | AU45: TOTAL | AV45: =SUM(AV38:AV43) -> 55469.616 | AX45: TOTAL | AY45: =SUM(AY38:AY43) -> 55469.616
N47: SEMANA 4 | Q47: SEMANA 5 | T47: SEMANA 6 | X47: SEMANA 4 | AA47: SEMANA 5 | AD47: SEMANA 6 | AH47: SEMANA 4 | AK47: SEMANA 5 | AN47: SEMANA 6 | AR47: SEMANA 4 | AU47: SEMANA 5 | AX47: SEMANA 6
M48: NÃO | N48: DOMINGO | P48: NÃO | Q48: DOMINGO | S48: NÃO | T48: DOMINGO | W48: =M48 -> NÃO | X48: DOMINGO | Y48: =IF(W48="SIM",$AA$14,"") | Z48: =P48 -> NÃO | AA48: DOMINGO | AB48: =IF(Z48="SIM",$AA$14,"") | AC48: =S48 -> NÃO | AD48: DOMINGO | AG48: =W48 -> NÃO | AH48: DOMINGO | AI48: =IF(AG48="SIM",$AK$14,"") | AJ48: =Z48 -> NÃO | AK48: DOMINGO | AL48: =IF(AJ48="SIM",$AK$14,"") | AM48: =AC48 -> NÃO | AN48: DOMINGO | AQ48: =AG48 -> NÃO | AR48: DOMINGO | AS48: =IF(AQ48="SIM",$AU$14,"") | AT48: =AJ48 -> NÃO | AU48: DOMINGO | AV48: =IF(AT48="SIM",$AU$14,"") | AW48: =AM48 -> NÃO | AX48: DOMINGO
M49: SIM | N49: SEGUNDA-FEIRA | O49: =IF(M49="SIM",$Q$15,"") -> 4767.5176 | P49: SIM | Q49: SEGUNDA-FEIRA | R49: =IF(P49="SIM",$Q$15,"") -> 4767.5176 | S49: NÃO | T49: SEGUNDA-FEIRA | U49: =IF(S49="SIM",$Q$15,"") | W49: =M49 -> SIM | X49: SEGUNDA-FEIRA | Y49: =IF(W49="SIM",$AA$15,"") -> 5789.1286 | Z49: =P49 -> SIM | AA49: SEGUNDA-FEIRA | AB49: =IF(Z49="SIM",$AA$15,"") -> 5789.1286 | AC49: =S49 -> NÃO | AD49: SEGUNDA-FEIRA | AE49: =IF(AC49="SIM",$AA$15,"") | AG49: =W49 -> SIM | AH49: SEGUNDA-FEIRA | AI49: =IF(AG49="SIM",$AK$15,"") -> 6810.7395 | AJ49: =Z49 -> SIM | AK49: SEGUNDA-FEIRA | AL49: =IF(AJ49="SIM",$AK$15,"") -> 6810.7395 | AM49: =AC49 -> NÃO | AN49: SEGUNDA-FEIRA | AO49: =IF(AM49="SIM",$AK$15,"") | AQ49: =AG49 -> SIM | AR49: SEGUNDA-FEIRA | AS49: =IF(AQ49="SIM",$AU$15,"") -> 7832.3504 | AT49: =AJ49 -> SIM | AU49: SEGUNDA-FEIRA | AV49: =IF(AT49="SIM",$AU$15,"") -> 7832.3504 | AW49: =AM49 -> NÃO | AX49: SEGUNDA-FEIRA | AY49: =IF(AW49="SIM",$AU$15,"")
M50: SIM | N50: TERÇA-FEIRA | O50: =IF(M50="SIM",$Q$16,"") -> 4768.9338 | P50: SIM | Q50: TERÇA-FEIRA | R50: =IF(P50="SIM",$Q$16,"") -> 4768.9338 | S50: NÃO | T50: TERÇA-FEIRA | U50: =IF(S50="SIM",$Q$16,"") | W50: =M50 -> SIM | X50: TERÇA-FEIRA | Y50: =IF(W50="SIM",$AA$16,"") -> 5790.8482 | Z50: =P50 -> SIM | AA50: TERÇA-FEIRA | AB50: =IF(Z50="SIM",$AA$16,"") -> 5790.8482 | AC50: =S50 -> NÃO | AD50: TERÇA-FEIRA | AE50: =IF(AC50="SIM",$Q$16,"") | AG50: =W50 -> SIM | AH50: TERÇA-FEIRA | AI50: =IF(AG50="SIM",$AK$16,"") -> 6812.7626 | AJ50: =Z50 -> SIM | AK50: TERÇA-FEIRA | AL50: =IF(AJ50="SIM",$AK$16,"") -> 6812.7626 | AM50: =AC50 -> NÃO | AN50: TERÇA-FEIRA | AO50: =IF(AM50="SIM",$Q$16,"") | AQ50: =AG50 -> SIM | AR50: TERÇA-FEIRA | AS50: =IF(AQ50="SIM",$AU$16,"") -> 7834.677 | AT50: =AJ50 -> SIM | AU50: TERÇA-FEIRA | AV50: =IF(AT50="SIM",$AU$16,"") -> 7834.677 | AW50: =AM50 -> NÃO | AX50: TERÇA-FEIRA | AY50: =IF(AW50="SIM",$Q$16,"")
M51: SIM | N51: QUARTA-FEIRA | O51: =IF(M51="SIM",$Q$17,"") -> 5654.3789 | P51: SIM | Q51: QUARTA-FEIRA | R51: =IF(P51="SIM",$Q$17,"") -> 5654.3789 | S51: NÃO | T51: QUARTA-FEIRA | U51: =IF(S51="SIM",$Q$17,"") | W51: =M51 -> SIM | X51: QUARTA-FEIRA | Y51: =IF(W51="SIM",$AA$17,"") -> 6866.0315 | Z51: =P51 -> SIM | AA51: QUARTA-FEIRA | AB51: =IF(Z51="SIM",$AA$17,"") -> 6866.0315 | AC51: =S51 -> NÃO | AD51: QUARTA-FEIRA | AE51: =IF(AC51="SIM",$Q$17,"") | AG51: =W51 -> SIM | AH51: QUARTA-FEIRA | AI51: =IF(AG51="SIM",$AK$17,"") -> 8077.6841 | AJ51: =Z51 -> SIM | AK51: QUARTA-FEIRA | AL51: =IF(AJ51="SIM",$AK$17,"") -> 8077.6841 | AM51: =AC51 -> NÃO | AN51: QUARTA-FEIRA | AO51: =IF(AM51="SIM",$Q$17,"") | AQ51: =AG51 -> SIM | AR51: QUARTA-FEIRA | AS51: =IF(AQ51="SIM",$AU$17,"") -> 9289.3368 | AT51: =AJ51 -> SIM | AU51: QUARTA-FEIRA | AV51: =IF(AT51="SIM",$AU$17,"") -> 9289.3368 | AW51: =AM51 -> NÃO | AX51: QUARTA-FEIRA | AY51: =IF(AW51="SIM",$Q$17,"")
M52: SIM | N52: QUINTA-FEIRA | O52: =IF(M52="SIM",$Q$18,"") -> 7079.689 | P52: SIM | Q52: QUINTA-FEIRA | R52: =IF(P52="SIM",$Q$18,"") -> 7079.689 | S52: NÃO | T52: QUINTA-FEIRA | U52: =IF(S52="SIM",$Q$18,"") | W52: =M52 -> SIM | X52: QUINTA-FEIRA | Y52: =IF(W52="SIM",$AA$18,"") -> 8596.7652 | Z52: =P52 -> SIM | AA52: QUINTA-FEIRA | AB52: =IF(Z52="SIM",$AA$18,"") -> 8596.7652 | AC52: =S52 -> NÃO | AD52: QUINTA-FEIRA | AE52: =IF(AC52="SIM",$Q$18,"") | AG52: =W52 -> SIM | AH52: QUINTA-FEIRA | AI52: =IF(AG52="SIM",$AK$18,"") -> 10113.841 | AJ52: =Z52 -> SIM | AK52: QUINTA-FEIRA | AL52: =IF(AJ52="SIM",$AK$18,"") -> 10113.841 | AM52: =AC52 -> NÃO | AN52: QUINTA-FEIRA | AO52: =IF(AM52="SIM",$Q$18,"") | AQ52: =AG52 -> SIM | AR52: QUINTA-FEIRA | AS52: =IF(AQ52="SIM",$AU$18,"") -> 11630.918 | AT52: =AJ52 -> SIM | AU52: QUINTA-FEIRA | AV52: =IF(AT52="SIM",$AU$18,"") -> 11630.918 | AW52: =AM52 -> NÃO | AX52: QUINTA-FEIRA | AY52: =IF(AW52="SIM",$Q$18,"")
M53: SIM | N53: SEXTA-FEIRA | O53: =IF(M53="SIM",$Q$19,"") -> 6550.0506 | P53: SIM | Q53: SEXTA-FEIRA | R53: =IF(P53="SIM",$Q$19,"") -> 6550.0506 | S53: NÃO | T53: SEXTA-FEIRA | U53: =IF(S53="SIM",$Q$19,"") | W53: =M53 -> SIM | X53: SEXTA-FEIRA | Y53: =IF(W53="SIM",$AA$19,"") -> 7953.6329 | Z53: =P53 -> SIM | AA53: SEXTA-FEIRA | AB53: =IF(Z53="SIM",$AA$19,"") -> 7953.6329 | AC53: =S53 -> NÃO | AD53: SEXTA-FEIRA | AE53: =IF(AC53="SIM",$Q$19,"") | AG53: =W53 -> SIM | AH53: SEXTA-FEIRA | AI53: =IF(AG53="SIM",$AK$19,"") -> 9357.2152 | AJ53: =Z53 -> SIM | AK53: SEXTA-FEIRA | AL53: =IF(AJ53="SIM",$AK$19,"") -> 9357.2152 | AM53: =AC53 -> NÃO | AN53: SEXTA-FEIRA | AO53: =IF(AM53="SIM",$Q$19,"") | AQ53: =AG53 -> SIM | AR53: SEXTA-FEIRA | AS53: =IF(AQ53="SIM",$AU$19,"") -> 10760.797 | AT53: =AJ53 -> SIM | AU53: SEXTA-FEIRA | AV53: =IF(AT53="SIM",$AU$19,"") -> 10760.797 | AW53: =AM53 -> NÃO | AX53: SEXTA-FEIRA | AY53: =IF(AW53="SIM",$Q$19,"")
M54: SIM | N54: SÁBADO | O54: =IF(M54="SIM",$Q$20,"") -> 4943.544 | P54: SIM | Q54: SÁBADO | R54: =IF(P54="SIM",$Q$20,"") -> 4943.544 | S54: NÃO | T54: SÁBADO | U54: =IF(S54="SIM",$Q$20,"") | W54: =M54 -> SIM | X54: SÁBADO | Y54: =IF(W54="SIM",$AA$20,"") -> 6002.8749 | Z54: =P54 -> SIM | AA54: SÁBADO | AB54: =IF(Z54="SIM",$AA$20,"") -> 6002.8749 | AC54: =S54 -> NÃO | AD54: SÁBADO | AE54: =IF(AC54="SIM",$Q$20,"") | AG54: =W54 -> SIM | AH54: SÁBADO | AI54: =IF(AG54="SIM",$AK$20,"") -> 7062.2057 | AJ54: =Z54 -> SIM | AK54: SÁBADO | AL54: =IF(AJ54="SIM",$AK$20,"") -> 7062.2057 | AM54: =AC54 -> NÃO | AN54: SÁBADO | AO54: =IF(AM54="SIM",$Q$20,"") | AQ54: =AG54 -> SIM | AR54: SÁBADO | AS54: =IF(AQ54="SIM",$AU$20,"") -> 8121.5366 | AT54: =AJ54 -> SIM | AU54: SÁBADO | AV54: =IF(AT54="SIM",$AU$20,"") -> 8121.5366 | AW54: =AM54 -> NÃO | AX54: SÁBADO | AY54: =IF(AW54="SIM",$Q$20,"")
V55: TOTAL DO MÊS | AF55: TOTAL DO MÊS | AP55: TOTAL DO MÊS | AZ55: TOTAL DO MÊS
N56: TOTAL | O56: =SUM(O49:O54) -> 33764.114 | Q56: TOTAL | R56: =SUM(R49:R54) -> 33764.114 | T56: TOTAL | U56: =SUM(U49:U54) -> 0 | V56: =O45+R56+R45+U45+O56+U56 -> 140000 | X56: TOTAL | Y56: =SUM(Y49:Y54) -> 40999.281 | AA56: TOTAL | AB56: =SUM(AB49:AB54) -> 40999.281 | AD56: TOTAL | AE56: =SUM(AE49:AE54) -> 0 | AF56: =Y45+AB56+AB45+AE45+Y56+AE56 -> 170000 | AH56: TOTAL | AI56: =SUM(AI49:AI54) -> 48234.449 | AK56: TOTAL | AL56: =SUM(AL49:AL54) -> 48234.449 | AN56: TOTAL | AO56: =SUM(AO49:AO54) -> 0 | AP56: =AI45+AL56+AL45+AO45+AI56+AO56 -> 200000 | AR56: TOTAL | AS56: =SUM(AS49:AS54) -> 55469.616 | AU56: TOTAL | AV56: =SUM(AV49:AV54) -> 55469.616 | AX56: TOTAL | AY56: =SUM(AY49:AY54) -> 0 | AZ56: =AS45+AV56+AV45+AY45+AS56+AY56 -> 230000
P78: -0.0039684521
P100: 0.00052243067

Sheet VENDAS_VENDEDOR
J1: VENDAS - METAS INDIVIDUAIS | O1: VENDAS - ONLINE | T1: QUANTIDADE DE VENDEDORAS | U1: % ONLINE
J2: META MÍNIMA | K2: TOP 1 | L2: TOP 2 | M2: MASTER | O2: META MÍNIMA | P2: TOP 1 | Q2: TOP 2 | R2: MASTER | T2: 4 | U2: 0.2
B3: METAS POR DIA | G3: RAISSA | J3: =Q6 -> 20000 | K3: =Q7 -> 26000 | L3: =Q8 -> 32000 | M3: =Q9 -> 36000 | O3: =R6 -> 22000 | P3: =R7 -> 28000 | Q3: =R8 -> 34000 | R3: =R9 -> 40000
B4: DATA | C4: DIA DA SEMANA | D4: VALOR REALIZADO | E4: VENDEDOR | G4: RAMLIZ
B5: =Tabela37[[#This Row],[DATA]] -> 46143 | C5: =UPPER(TEXT(B5,"dddd")) -> SEXTA-FEIRA | E5: RAISSA | G5: JULIA | Q5: META VENDEDORA | R5: ONLINE
B6: =Tabela37[[#This Row],[DATA]] -> 46144 | C6: =UPPER(TEXT(B6,"dddd")) -> SÁBADO | E6: RAISSA | G6: LETÍCIA | H6: VENDAS /MÊS DIFERENÇA | P6: MÍNIMA | Q6: ='ANÁLISE GERAL SOBRAL (2026)'!H21/(VENDAS_VENDEDOR!$T$2+1) -> 20000 | R6: ='ANÁLISE GERAL SOBRAL (2026)'!F21*VENDAS_VENDEDOR!$U$2 -> 22000
B7: =Tabela37[[#This Row],[DATA]] -> 46145 | C7: =UPPER(TEXT(B7,"dddd")) -> DOMINGO | E7: RAISSA | G7: LOJA | H7: VENDEDORA | I7: VALOR REALIZADO | J7: META MÍNIMA | K7: TOP 1 | L7: TOP 2 | M7: MASTER | P7: TOP 1 | Q7: ='ANÁLISE GERAL SOBRAL (2026)'!H22/(VENDAS_VENDEDOR!$T$2+1) -> 26000 | R7: ='ANÁLISE GERAL SOBRAL (2026)'!F22*VENDAS_VENDEDOR!$U$2 -> 28000
B8: =Tabela37[[#This Row],[DATA]] -> 46146 | C8: =UPPER(TEXT(B8,"dddd")) -> SEGUNDA-FEIRA | E8: RAISSA | G8: KETHLLEN | H8: RAISSA | I8: =SUMIFS($D$5:$D$151,$E$5:$E$151,H8) -> 0 | J8: =I8-$J$3 -> -20000 | K8: =I8-$K$3 -> -26000 | L8: =I8-$L$3 -> -32000 | M8: =I8-$M$3 -> -36000 | P8: TOP 2 | Q8: ='ANÁLISE GERAL SOBRAL (2026)'!H23/(VENDAS_VENDEDOR!$T$2+1) -> 32000 | R8: ='ANÁLISE GERAL SOBRAL (2026)'!F23*VENDAS_VENDEDOR!$U$2 -> 34000
B9: =Tabela37[[#This Row],[DATA]] -> 46147 | C9: =UPPER(TEXT(B9,"dddd")) -> TERÇA-FEIRA | E9: RAISSA | H9: RAMLIZ | I9: =SUMIFS($D$5:$D$151,$E$5:$E$151,H9) -> 0 | J9: =I9-$J$3 -> -20000 | K9: =I9-$K$3 -> -26000 | L9: =I9-$L$3 -> -32000 | M9: =I9-$M$3 -> -36000 | P9: MASTER | Q9: ='ANÁLISE GERAL SOBRAL (2026)'!H24/(VENDAS_VENDEDOR!$T$2+1) -> 36000 | R9: ='ANÁLISE GERAL SOBRAL (2026)'!F24*VENDAS_VENDEDOR!$U$2 -> 40000
B10: =Tabela37[[#This Row],[DATA]] -> 46148 | C10: =UPPER(TEXT(B10,"dddd")) -> QUARTA-FEIRA | E10: RAISSA | H10: LETÍCIA | I10: =SUMIFS($D$5:$D$151,$E$5:$E$151,H10) -> 0 | J10: =I10-$J$3 -> -20000 | K10: =I10-$K$3 -> -26000 | L10: =I10-$L$3 -> -32000 | M10: =I10-$M$3 -> -36000
B11: =Tabela37[[#This Row],[DATA]] -> 46149 | C11: =UPPER(TEXT(B11,"dddd")) -> QUINTA-FEIRA | E11: RAISSA | H11: KETHLLEN | I11: =SUMIFS($D$5:$D$151,$E$5:$E$151,H11) -> 0 | J11: =I11-$O$3 -> -22000 | K11: =I11-$P$3 -> -28000 | L11: =I11-$Q$3 -> -34000 | M11: =I11-$R$3 -> -40000
B12: =Tabela37[[#This Row],[DATA]] -> 46150 | C12: =UPPER(TEXT(B12,"dddd")) -> SEXTA-FEIRA | E12: RAISSA | H12: JULIA | I12: =SUMIFS($D$5:$D$151,$E$5:$E$151,H12) -> 0 | J12: =I12-$J$3 -> -20000 | K12: =I12-$K$3 -> -26000 | L12: =I12-$L$3 -> -32000 | M12: =I12-$M$3 -> -36000
B13: =Tabela37[[#This Row],[DATA]] -> 46151 | C13: =UPPER(TEXT(B13,"dddd")) -> SÁBADO | E13: RAISSA
B14: =Tabela37[[#This Row],[DATA]] -> 46152 | C14: =UPPER(TEXT(B14,"dddd")) -> DOMINGO | E14: RAISSA | I14: STATUS META
B15: =Tabela37[[#This Row],[DATA]] -> 46153 | C15: =UPPER(TEXT(B15,"dddd")) -> SEGUNDA-FEIRA | E15: RAISSA | I15: VENDEDORA | J15: META MÍNIMA | K15: TOP 1 | L15: TOP 2 | M15: MASTER
B16: =Tabela37[[#This Row],[DATA]] -> 46154 | C16: =UPPER(TEXT(B16,"dddd")) -> TERÇA-FEIRA | E16: RAISSA | I16: RAISSA | J16: =IF(J8>0,"BATEU","NÃO ALCANÇADO") -> NÃO ALCANÇADO | K16: =IF(K8>0,"BATEU","NÃO ALCANÇADO") -> NÃO ALCANÇADO | L16: =IF(L8>0,"BATEU","NÃO ALCANÇADO") -> NÃO ALCANÇADO | M16: =IF(M8>0,"BATEU","NÃO ALCANÇADO") -> NÃO ALCANÇADO
B17: =Tabela37[[#This Row],[DATA]] -> 46155 | C17: =UPPER(TEXT(B17,"dddd")) -> QUARTA-FEIRA | E17: RAISSA | I17: =H9 -> RAMLIZ | J17: =IF(J9>0,"BATEU","NÃO ALCANÇADO") -> NÃO ALCANÇADO | K17: =IF(K9>0,"BATEU","NÃO ALCANÇADO") -> NÃO ALCANÇADO | L17: =IF(L9>0,"BATEU","NÃO ALCANÇADO") -> NÃO ALCANÇADO | M17: =IF(M9>0,"BATEU","NÃO ALCANÇADO") -> NÃO ALCANÇADO
B18: =Tabela37[[#This Row],[DATA]] -> 46156 | C18: =UPPER(TEXT(B18,"dddd")) -> QUINTA-FEIRA | E18: RAISSA | I18: LETÍCIA | J18: =IF(J10>0,"BATEU","NÃO ALCANÇADO") -> NÃO ALCANÇADO | K18: =IF(K10>0,"BATEU","NÃO ALCANÇADO") -> NÃO ALCANÇADO | L18: =IF(L10>0,"BATEU","NÃO ALCANÇADO") -> NÃO ALCANÇADO | M18: =IF(M10>0,"BATEU","NÃO ALCANÇADO") -> NÃO ALCANÇADO
B19: =Tabela37[[#This Row],[DATA]] -> 46157 | C19: =UPPER(TEXT(B19,"dddd")) -> SEXTA-FEIRA | E19: RAISSA | I19: =H11 -> KETHLLEN | J19: =IF(J11>0,"BATEU","NÃO ALCANÇADO") -> NÃO ALCANÇADO | K19: =IF(K11>0,"BATEU","NÃO ALCANÇADO") -> NÃO ALCANÇADO | L19: =IF(L11>0,"BATEU","NÃO ALCANÇADO") -> NÃO ALCANÇADO | M19: =IF(M11>0,"BATEU","NÃO ALCANÇADO") -> NÃO ALCANÇADO
B20: =Tabela37[[#This Row],[DATA]] -> 46158 | C20: =UPPER(TEXT(B20,"dddd")) -> SÁBADO | E20: RAISSA | I20: =H12 -> JULIA | J20: =IF(J11>0,"BATEU","NÃO ALCANÇADO") -> NÃO ALCANÇADO | K20: =IF(K11>0,"BATEU","NÃO ALCANÇADO") -> NÃO ALCANÇADO | L20: =IF(L11>0,"BATEU","NÃO ALCANÇADO") -> NÃO ALCANÇADO | M20: =IF(M11>0,"BATEU","NÃO ALCANÇADO") -> NÃO ALCANÇADO
B21: =Tabela37[[#This Row],[DATA]] -> 46159 | C21: =UPPER(TEXT(B21,"dddd")) -> DOMINGO | E21: RAISSA | I21: % | J21: 0.01 | K21: 0.013 | L21: 0.015 | M21: 0.02
B22: =Tabela37[[#This Row],[DATA]] -> 46160 | C22: =UPPER(TEXT(B22,"dddd")) -> SEGUNDA-FEIRA | E22: RAISSA | I22: COMISSÕES VALORES
B23: =Tabela37[[#This Row],[DATA]] -> 46161 | C23: =UPPER(TEXT(B23,"dddd")) -> TERÇA-FEIRA | E23: RAISSA | I23: VENDEDORA | J23: META MÍNIMA | K23: TOP 1 | L23: TOP 2 | M23: MASTER
B24: =Tabela37[[#This Row],[DATA]] -> 46162 | C24: =UPPER(TEXT(B24,"dddd")) -> QUARTA-FEIRA | E24: RAISSA | I24: RAISSA | J24: =IF(J16="NÃO ALCANÇADO","NÃO ALCANÇADO",$J$3*$J$21) -> NÃO ALCANÇADO | K24: =IF(K16="NÃO ALCANÇADO","NÃO ALCANÇADO",$K$3*$K$21) -> NÃO ALCANÇADO | L24: =IF(L16="NÃO ALCANÇADO","NÃO ALCANÇADO",$L$3*$L$21) -> NÃO ALCANÇADO | M24: =IF(M16="NÃO ALCANÇADO","NÃO ALCANÇADO",$I$8*$M$21) -> NÃO ALCANÇADO
B25: =Tabela37[[#This Row],[DATA]] -> 46163 | C25: =UPPER(TEXT(B25,"dddd")) -> QUINTA-FEIRA | E25: RAISSA | I25: =I17 -> RAMLIZ | J25: =IF(J17="NÃO ALCANÇADO","NÃO ALCANÇADO",$J$3*$J$21) -> NÃO ALCANÇADO | K25: =IF(K17="NÃO ALCANÇADO","NÃO ALCANÇADO",$K$3*$K$21) -> NÃO ALCANÇADO | L25: =IF(L17="NÃO ALCANÇADO","NÃO ALCANÇADO",$L$3*$L$21) -> NÃO ALCANÇADO | M25: =IF(M17="NÃO ALCANÇADO","NÃO ALCANÇADO",$I$9*$M$21) -> NÃO ALCANÇADO
B26: =Tabela37[[#This Row],[DATA]] -> 46164 | C26: =UPPER(TEXT(B26,"dddd")) -> SEXTA-FEIRA | E26: RAISSA | I26: =I18 -> LETÍCIA | J26: =IF(J18="NÃO ALCANÇADO","NÃO ALCANÇADO",$J$3*$J$21) -> NÃO ALCANÇADO | K26: =IF(K18="NÃO ALCANÇADO","NÃO ALCANÇADO",$K$3*$K$21) -> NÃO ALCANÇADO | L26: =IF(L18="NÃO ALCANÇADO","NÃO ALCANÇADO",$L$3*$L$21) -> NÃO ALCANÇADO | M26: =IF(M18="NÃO ALCANÇADO","NÃO ALCANÇADO",$I$10*$M$21) -> NÃO ALCANÇADO
B27: =Tabela37[[#This Row],[DATA]] -> 46165 | C27: =UPPER(TEXT(B27,"dddd")) -> SÁBADO | E27: RAISSA | I27: =I19 -> KETHLLEN | J27: =IF(J19="NÃO ALCANÇADO","NÃO ALCANÇADO",$J$3*$J$21) -> NÃO ALCANÇADO | K27: =IF(K19="NÃO ALCANÇADO","NÃO ALCANÇADO",$K$3*$K$21) -> NÃO ALCANÇADO | L27: =IF(L19="NÃO ALCANÇADO","NÃO ALCANÇADO",$L$3*$L$21) -> NÃO ALCANÇADO | M27: =IF(M19="NÃO ALCANÇADO","NÃO ALCANÇADO",$I$11*$M$21) -> NÃO ALCANÇADO
B28: =Tabela37[[#This Row],[DATA]] -> 46166 | C28: =UPPER(TEXT(B28,"dddd")) -> DOMINGO | E28: RAISSA | I28: =I20 -> JULIA | J28: =IF(J20="NÃO ALCANÇADO","NÃO ALCANÇADO",$J$3*$J$21) -> NÃO ALCANÇADO | K28: =IF(K20="NÃO ALCANÇADO","NÃO ALCANÇADO",$K$3*$K$21) -> NÃO ALCANÇADO | L28: =IF(L20="NÃO ALCANÇADO","NÃO ALCANÇADO",$L$3*$L$21) -> NÃO ALCANÇADO | M28: =IF(M20="NÃO ALCANÇADO","NÃO ALCANÇADO",$I$12*$M$21) -> NÃO ALCANÇADO
B29: =Tabela37[[#This Row],[DATA]] -> 46167 | C29: =UPPER(TEXT(B29,"dddd")) -> SEGUNDA-FEIRA | E29: RAISSA
B30: =Tabela37[[#This Row],[DATA]] -> 46168 | C30: =UPPER(TEXT(B30,"dddd")) -> TERÇA-FEIRA | E30: RAISSA
B31: =Tabela37[[#This Row],[DATA]] -> 46169 | C31: =UPPER(TEXT(B31,"dddd")) -> QUARTA-FEIRA | E31: RAISSA
B32: =Tabela37[[#This Row],[DATA]] -> 46170 | C32: =UPPER(TEXT(B32,"dddd")) -> QUINTA-FEIRA | E32: RAISSA
B33: =Tabela37[[#This Row],[DATA]] -> 46171 | C33: =UPPER(TEXT(B33,"dddd")) -> SEXTA-FEIRA | E33: RAISSA
B34: =Tabela37[[#This Row],[DATA]] -> 46172 | C34: =UPPER(TEXT(B34,"dddd")) -> SÁBADO | E34: RAISSA
B35: =Tabela37[[#This Row],[DATA]] -> 46173 | C35: =UPPER(TEXT(B35,"dddd")) -> DOMINGO | E35: RAISSA
B36: 46112 | C36: =UPPER(TEXT(B36,"dddd")) -> TERÇA-FEIRA | E36: LETÍCIA
B37: 46112 | C37: =UPPER(TEXT(B37,"dddd")) -> TERÇA-FEIRA | E37: LETÍCIA
B38: 46112 | C38: =UPPER(TEXT(B38,"dddd")) -> TERÇA-FEIRA | E38: LETÍCIA
B39: 46112 | C39: =UPPER(TEXT(B39,"dddd")) -> TERÇA-FEIRA | E39: LETÍCIA
B40: 46112 | C40: =UPPER(TEXT(B40,"dddd")) -> TERÇA-FEIRA | E40: LETÍCIA
B41: 46112 | C41: =UPPER(TEXT(B41,"dddd")) -> TERÇA-FEIRA | E41: LETÍCIA
B42: 46112 | C42: =UPPER(TEXT(B42,"dddd")) -> TERÇA-FEIRA | E42: LETÍCIA
B43: 46112 | C43: =UPPER(TEXT(B43,"dddd")) -> TERÇA-FEIRA | E43: LETÍCIA
B44: 46112 | C44: =UPPER(TEXT(B44,"dddd")) -> TERÇA-FEIRA | E44: LETÍCIA
B45: 46112 | C45: =UPPER(TEXT(B45,"dddd")) -> TERÇA-FEIRA | E45: LETÍCIA
B46: 46112 | C46: =UPPER(TEXT(B46,"dddd")) -> TERÇA-FEIRA | E46: LETÍCIA
B47: 46112 | C47: =UPPER(TEXT(B47,"dddd")) -> TERÇA-FEIRA | E47: LETÍCIA
... B66: 46112 | C66: =UPPER(TEXT(B66,"dddd")) -> TERÇA-FEIRA | E66: LETÍCIA
B67: =VENDAS!C5 -> 46143 | C67: =UPPER(TEXT(B67,"dddd")) -> SEXTA-FEIRA | E67: RAMLIZ
B68: =VENDAS!C6 -> 46144 | C68: =UPPER(TEXT(B68,"dddd")) -> SÁBADO | E68: RAMLIZ
B69: =VENDAS!C7 -> 46145 | C69: =UPPER(TEXT(B69,"dddd")) -> DOMINGO | E69: RAMLIZ
B70: =VENDAS!C8 -> 46146 | C70: =UPPER(TEXT(B70,"dddd")) -> SEGUNDA-FEIRA | E70: RAMLIZ
B71: =VENDAS!C9 -> 46147 | C71: =UPPER(TEXT(B71,"dddd")) -> TERÇA-FEIRA | E71: RAMLIZ
B72: =VENDAS!C10 -> 46148 | C72: =UPPER(TEXT(B72,"dddd")) -> QUARTA-FEIRA | E72: RAMLIZ
B73: =VENDAS!C11 -> 46149 | C73: =UPPER(TEXT(B73,"dddd")) -> QUINTA-FEIRA | E73: RAMLIZ
B74: =VENDAS!C12 -> 46150 | C74: =UPPER(TEXT(B74,"dddd")) -> SEXTA-FEIRA | E74: RAMLIZ
B75: =VENDAS!C13 -> 46151 | C75: =UPPER(TEXT(B75,"dddd")) -> SÁBADO | E75: RAMLIZ
B76: =VENDAS!C14 -> 46152 | C76: =UPPER(TEXT(B76,"dddd")) -> DOMINGO | E76: RAMLIZ
B77: =VENDAS!C15 -> 46153 | C77: =UPPER(TEXT(B77,"dddd")) -> SEGUNDA-FEIRA | E77: RAMLIZ
B78: =VENDAS!C16 -> 46154 | C78: =UPPER(TEXT(B78,"dddd")) -> TERÇA-FEIRA | E78: RAMLIZ
... B97: =VENDAS!C35 -> 46173 | C97: =UPPER(TEXT(B97,"dddd")) -> DOMINGO | E97: RAMLIZ
B98: =VENDAS!C5 -> 46143 | C98: =UPPER(TEXT(B98,"dddd")) -> SEXTA-FEIRA | E98: JULIA
B99: =VENDAS!C6 -> 46144 | C99: =UPPER(TEXT(B99,"dddd")) -> SÁBADO | E99: JULIA
B100: =VENDAS!C7 -> 46145 | C100: =UPPER(TEXT(B100,"dddd")) -> DOMINGO | E100: JULIA
B101: =VENDAS!C8 -> 46146 | C101: =UPPER(TEXT(B101,"dddd")) -> SEGUNDA-FEIRA | E101: JULIA
B102: =VENDAS!C9 -> 46147 | C102: =UPPER(TEXT(B102,"dddd")) -> TERÇA-FEIRA | E102: JULIA
B103: =VENDAS!C10 -> 46148 | C103: =UPPER(TEXT(B103,"dddd")) -> QUARTA-FEIRA | E103: JULIA
B104: =VENDAS!C11 -> 46149 | C104: =UPPER(TEXT(B104,"dddd")) -> QUINTA-FEIRA | E104: JULIA
B105: =VENDAS!C12 -> 46150 | C105: =UPPER(TEXT(B105,"dddd")) -> SEXTA-FEIRA | E105: JULIA
B106: =VENDAS!C13 -> 46151 | C106: =UPPER(TEXT(B106,"dddd")) -> SÁBADO | E106: JULIA
B107: =VENDAS!C14 -> 46152 | C107: =UPPER(TEXT(B107,"dddd")) -> DOMINGO | E107: JULIA
B108: =VENDAS!C15 -> 46153 | C108: =UPPER(TEXT(B108,"dddd")) -> SEGUNDA-FEIRA | E108: JULIA
B109: =VENDAS!C16 -> 46154 | C109: =UPPER(TEXT(B109,"dddd")) -> TERÇA-FEIRA | E109: JULIA
... B128: =VENDAS!C35 -> 46173 | C128: =UPPER(TEXT(B128,"dddd")) -> DOMINGO | E128: JULIA
B129: =VENDAS!C5 -> 46143 | C129: =UPPER(TEXT(B129,"dddd")) -> SEXTA-FEIRA | E129: KETHLLEN
B130: =VENDAS!C6 -> 46144 | C130: =UPPER(TEXT(B130,"dddd")) -> SÁBADO | E130: KETHLLEN
B131: =VENDAS!C7 -> 46145 | C131: =UPPER(TEXT(B131,"dddd")) -> DOMINGO | E131: KETHLLEN
B132: =VENDAS!C8 -> 46146 | C132: =UPPER(TEXT(B132,"dddd")) -> SEGUNDA-FEIRA | E132: KETHLLEN
B133: =VENDAS!C9 -> 46147 | C133: =UPPER(TEXT(B133,"dddd")) -> TERÇA-FEIRA | E133: KETHLLEN
B134: =VENDAS!C10 -> 46148 | C134: =UPPER(TEXT(B134,"dddd")) -> QUARTA-FEIRA | E134: KETHLLEN
B135: =VENDAS!C11 -> 46149 | C135: =UPPER(TEXT(B135,"dddd")) -> QUINTA-FEIRA | E135: KETHLLEN
B136: =VENDAS!C12 -> 46150 | C136: =UPPER(TEXT(B136,"dddd")) -> SEXTA-FEIRA | E136: KETHLLEN
B137: =VENDAS!C13 -> 46151 | C137: =UPPER(TEXT(B137,"dddd")) -> SÁBADO | E137: KETHLLEN
B138: =VENDAS!C14 -> 46152 | C138: =UPPER(TEXT(B138,"dddd")) -> DOMINGO | E138: KETHLLEN
B139: =VENDAS!C15 -> 46153 | C139: =UPPER(TEXT(B139,"dddd")) -> SEGUNDA-FEIRA | E139: KETHLLEN
B140: =VENDAS!C16 -> 46154 | C140: =UPPER(TEXT(B140,"dddd")) -> TERÇA-FEIRA | E140: KETHLLEN
... B159: =VENDAS!C35 -> 46173 | C159: =UPPER(TEXT(B159,"dddd")) -> DOMINGO | E159: KETHLLEN
B160: Total | D160: =SUBTOTAL(109,VENDAS_VENDEDOR[VALOR REALIZADO]) -> 0

Sheet Planilha5
D3: DIA DA SEMANA | E3: VALOR | F3: %
D4: DOMINGO | E4: 0 | F4: 0
D5: SEGUNDA-FEIRA | E5: 4332 | F5: 0.076795711
D6: TERÇA-FEIRA | E6: 7344 | F6: 0.13019107
D7: QUARTA-FEIRA | E7: 8009 | F7: 0.14197988
D8: QUINTA-FEIRA | E8: 12828 | F8: 0.22740891
D9: SEXTA-FEIRA | E9: 11091 | F9: 0.19661617
D10: SÁBADO | E10: 12805.4 | F10: 0.22700826
D11: Total Geral | E11: 56409.4 | F11: 1

Sheet Folha1

Sheet RESUMO
B18: DIA DA SEMANA | C18: VENDA | D18: %
B19: SEGUNDA-FEIRA | C19: #REF! | D19: =C19/$C$25 -> #REF!
B20: TERÇA-FEIRA | C20: #REF! | D20: =C20/$C$25 -> #REF!
B21: QUARTA-FEIRA | C21: #REF! | D21: =C21/$C$25 -> #REF!
B22: QUINTA-FEIRA | C22: #REF! | D22: =C22/$C$25 -> #REF!
B23: SEXTA-FEIRA | C23: #REF! | D23: =C23/$C$25 -> #REF!
B24: SÁBADO | C24: #REF! | D24: =C24/$C$25 -> #REF!
B25: TOTAL | C25: =SUM(C19:C24) -> #REF! | D25: =C25/$C$25 -> #REF!
B27: REALIZADO | C27: #REF!
B28: DIVISÃO DAS METAS | C28: VALOR | D28: DIFERENÇA | E28: % ALCANCE DA META
B29: META MÍNIMA | C29: #REF! | D29: =$C$27-C29 -> #REF! | E29: =$C$27/C29 -> #REF!
B30: TOP 1 | C30: #REF! | D30: =$C$27-C30 -> #REF! | E30: =$C$27/C30 -> #REF!
B31: TOP2 | C31: #REF! | D31: =$C$27-C31 -> #REF! | E31: =$C$27/C31 -> #REF!
B32: MASTER | C32: #REF! | D32: =$C$27-C32 -> #REF! | E32: =$C$27/C32 -> #REF!
B34: MELHOR VENDA DIÁRIA | C34: #REF!
B35: MELHOR SEMANA | C35: =MAX(VENDAS!T5:T9) -> 0

Sheet AUXILIAR
C2: METAS INDIVIDUAIS
C3: Rótulos de Linha | D3: META INDIVIDUAL | F3: VENDEDOR | G3: META INDIVIDUAL
C4: NARA | D4: 22120 | F4: CRIS | G4: =SUMIF(VENDAS_VENDEDOR[[#Data],[#Totals],[VENDEDOR]],AUXILIAR!F4,VENDAS_VENDEDOR[VALOR REALIZADO]) -> 0
C5: SHERON | D5: 28848 | F5: VITÓRIA | G5: =SUMIF(VENDAS_VENDEDOR[[#Data],[#Totals],[VENDEDOR]],AUXILIAR!F5,VENDAS_VENDEDOR[VALOR REALIZADO]) -> 0
C6: CRIS | D6: 25675.1 | F6: NARA | G6: =SUMIF(VENDAS_VENDEDOR[[#Data],[#Totals],[VENDEDOR]],AUXILIAR!F6,VENDAS_VENDEDOR[VALOR REALIZADO]) -> 0
C7: Total Geral | D7: 76643.1 | F7: SHERON | G7: =SUMIF(VENDAS_VENDEDOR[[#Data],[#Totals],[VENDEDOR]],AUXILIAR!F7,VENDAS_VENDEDOR[VALOR REALIZADO]) -> 0

Sheet Planilha2 (2)

Sheet IMAGENS (2)
D3: NOME | E3: FOTO | H3: NOME | I3: FOTO
D4: SHERON | E4: #VALUE! | H4: SHERON | I4: #VALUE!
D5: CRIS | E5: #VALUE! | H5: CRIS | I5: #VALUE!
D6: NARA | E6: #VALUE! | H6: NARA | I6: #VALUE!

Sheet VENDEDORES
A1: MELHOR VENDEDORA

Sheet Planilha1
G1: VENDAS - METAS INDIVIDUAIS
D2: Ranking | G2: VENDEDOR | H2: VENDAS | I2: META MÍNIMA | J2: TOP 1 | K2: TOP 2 | L2: MASTER | M2: META MÍNIMA | N2: TOP 1 | O2: TOP 2 | P2: MASTER
B3: =VLOOKUP(C3,$F$3:$G$7,2,0) -> RAISSA | C3: =LARGE($H$3:$H$7,1) -> 0 | D3: 5000 | F3: =H3 -> 0 | G3: =VENDAS_VENDEDOR!H8 -> RAISSA | H3: =VENDAS_VENDEDOR!I8 -> 0 | I3: =VENDAS_VENDEDOR!J3 -> 20000 | J3: =VENDAS_VENDEDOR!K3 -> 26000 | K3: =VENDAS_VENDEDOR!L3 -> 32000 | L3: =VENDAS_VENDEDOR!M3 -> 36000 | M3: =IF(H3>L3,H3,IF(H3>K3,H3,IF(H3>J3,H3,IF(H3>I3,H3,"")))) | N3: =IF(H3>L3,H3,IF(H3>K3,H3,IF(H3>J3,H3,""))) | O3: =IF(H3>L3,H3,IF(H3>K3,H3,"")) | P3: =IF(H3>L3,H3,"")
B4: =VLOOKUP(C4,$F$3:$G$7,2,0) -> RAISSA | C4: =LARGE($H$3:$H$7,2) -> 0 | D4: 5000 | F4: =H4 -> 0 | G4: =VENDAS_VENDEDOR!H9 -> RAMLIZ | H4: =VENDAS_VENDEDOR!I9 -> 0 | I4: =VENDAS_VENDEDOR!J3 -> 20000 | J4: =VENDAS_VENDEDOR!K3 -> 26000 | K4: =VENDAS_VENDEDOR!L3 -> 32000 | L4: =VENDAS_VENDEDOR!M3 -> 36000 | M4: =IF(H4>L4,H4,IF(H4>K4,H4,IF(H4>J4,H4,IF(H4>I4,H4,"")))) | N4: =IF(H4>L4,H4,IF(H4>K4,H4,IF(H4>J4,H4,""))) | O4: =IF(H4>L4,H4,IF(H4>K4,H4,"")) | P4: =IF(H4>L4,H4,"")
B5: =VLOOKUP(C5,$F$3:$G$7,2,0) -> RAISSA | C5: =LARGE($H$3:$H$7,3) -> 0 | D5: 5000 | F5: =H5 -> 0 | G5: =VENDAS_VENDEDOR!H10 -> LETÍCIA | H5: =VENDAS_VENDEDOR!I10 -> 0 | I5: =VENDAS_VENDEDOR!J3 -> 20000 | J5: =VENDAS_VENDEDOR!K3 -> 26000 | K5: =VENDAS_VENDEDOR!L3 -> 32000 | L5: =VENDAS_VENDEDOR!M3 -> 36000 | M5: =IF(H5>L5,H5,IF(H5>K5,H5,IF(H5>J5,H5,IF(H5>I5,H5,"")))) | N5: =IF(H5>L5,H5,IF(H5>K5,H5,IF(H5>J5,H5,""))) | O5: =IF(H5>L5,H5,IF(H5>K5,H5,"")) | P5: =IF(H5>L5,H5,"")
B6: =VLOOKUP(C6,$F$3:$G$7,2,0) -> RAISSA | C6: =LARGE($H$3:$H$7,4) -> 0 | D6: 5000 | F6: =H6 -> 0 | G6: =VENDAS_VENDEDOR!H11 -> KETHLLEN | H6: =VENDAS_VENDEDOR!I11 -> 0 | I6: =VENDAS_VENDEDOR!J3 -> 20000 | J6: =VENDAS_VENDEDOR!K3 -> 26000 | K6: =VENDAS_VENDEDOR!L3 -> 32000 | L6: =VENDAS_VENDEDOR!M3 -> 36000 | M6: =IF(H6>L6,H6,IF(H6>K6,H6,IF(H6>J6,H6,IF(H6>I6,H6,"")))) | N6: =IF(H6>L6,H6,IF(H6>K6,H6,IF(H6>J6,H6,""))) | O6: =IF(H6>L6,H6,IF(H6>K6,H6,"")) | P6: =IF(H6>L6,H6,"")
B7: =VLOOKUP(C7,$F$3:$G$7,2,0) -> RAISSA | C7: =LARGE($H$3:$H$7,5) -> 0 | D7: 5000 | F7: =H7 -> 0 | G7: =VENDAS_VENDEDOR!H12 -> JULIA | H7: =VENDAS_VENDEDOR!I12 -> 0 | I7: =VENDAS_VENDEDOR!J3 -> 20000 | J7: =VENDAS_VENDEDOR!K3 -> 26000 | K7: =VENDAS_VENDEDOR!L3 -> 32000 | L7: =VENDAS_VENDEDOR!M3 -> 36000 | M7: =IF(H7>L7,H7,IF(H7>K7,H7,IF(H7>J7,H7,IF(H7>I7,H7,"")))) | N7: =IF(H7>L7,H7,IF(H7>K7,H7,IF(H7>J7,H7,""))) | O7: =IF(H7>L7,H7,IF(H7>K7,H7,"")) | P7: =IF(H7>L7,H7,"")
I8: 0.5 | J8: 0.66666667 | K8: 0.83333333 | L8: 1

Sheet ANÁLISE DO BAZAR ABRIL
A1: DIA | B1: TOTAL
A2: DIA 28 | B2: 64962
A3: DIA 29
A4: DIA 30

Sheet ANÁLISE GERAL SOBRAL (2026)
M1: 45908
C2: SOBRAL | T2: SOBRAL
D3: JAN | E3: FEV | F3: MAR | H3: ABR | K3: MAI | L3: JUN | M3: JUL | N3: AGO | O3: SET | P3: OUT | Q3: NOV | R3: DEZ | S3: TOTAL | T3: Ano | U3: Fat. Máx | V3: Fat. Mín | W3: Média de Faturamento | X3: Tícket Médio | Y3: Peças por Atendimento
C4: 2023 | D4: 69665 | E4: 66339.9 | F4: 112868.2 | H4: 110771 | K4: 76196 | L4: 124891 | M4: 97317.4 | N4: 95136 | O4: 116125 | P4: 144644.1 | Q4: 228425.88 | R4: 278369.22 | S4: =SUM(D4:R4) -> 1520748.7 | T4: 2023 | U4: =MAX(D4:R4) -> 278369.22 | V4: =MIN(D4:R4) -> 66339.9 | W4: =AVERAGE(D4:R4) -> 126729.06
C5: 2024 | D5: 56409.4 | E5: 119124.91 | F5: 152166.95 | H5: 86346 | K5: 175012.98 | L5: 151309.9 | M5: 266098.3 | N5: 188534.8 | O5: 142266.7 | P5: 232186.56 | Q5: 185973.04 | R5: 273769.1 | S5: =SUM(D5:R5) -> 2029198.6 | T5: 2024 | U5: =MAX(D5:R5) -> 273769.1 | V5: =MIN(D5:R5) -> 56409.4 | W5: =AVERAGE(D5:R5) -> 169099.89
C6: TAXA DE CRESCIMENTO 2023/2024 | D6: =D5/D4-1 -> -0.19027632 | E6: =E5/E4-1 -> 0.79567515 | F6: =F5/F4-1 -> 0.34818266 | H6: =H5/H4-1 -> -0.22049995 | K6: =K5/K4-1 -> 1.2968788 | L6: =L5/L4-1 -> 0.21153566 | M6: =M5/M4-1 -> 1.7343343 | N6: =N5/N4-1 -> 0.98173983 | O6: =O5/O4-1 -> 0.2251169 | P6: =P5/P4-1 -> 0.60522662 | Q6: =Q5/Q4-1 -> -0.18584952 | R6: =R5/R4-1 -> -0.016525247 | S6: =S5/S4-1 -> 0.33434185 | T6: 2025 | U6: =MAX(D9:R9) -> 389079 | V6: =MIN(D9:R9) -> 74329 | W6: =AVERAGE(D9:N9) -> 153900.34 | X6: 283.06 | Y6: 2.08
C7: TAXA DE CRESCIMENTO ESPERADA 2025 | D7: 0.2 | E7: 0.2 | F7: 0.2 | H7: 0.2 | K7: 0.2 | L7: 0.2 | M7: 0.2 | N7: 0.2 | O7: 0.2 | P7: 0.2 | Q7: 0.2 | R7: 0.2 | S7: 0.2
C8: FATURAMENTO ESPERADO 2025 | D8: =D5*(100%+D7) -> 67691.28 | E8: =E5*(100%+E7) -> 142949.89 | F8: =F5*(100%+F7) -> 182600.34 | H8: =H5*(100%+H7) -> 103615.2 | K8: =K5*(100%+K7) -> 210015.58 | L8: =L5*(100%+L7) -> 181571.88 | M8: =M5*(100%+M7) -> 319317.96 | N8: =N5*(100%+N7) -> 226241.76 | O8: =O5*(100%+O7) -> 170720.04 | P8: =150000*1.2 -> 180000 | Q8: =Q5*(100%+Q7) -> 223167.65 | R8: =R5*(100%+R7) -> 328522.92 | S8: =S5*(100%+S7) -> 2435038.4 | T8: =S8-S9 -> -212729.08
C9: FATURAMENTO REAL | D9: 74329 | E9: 119813.5 | F9: 234836.65 | H9: 119501 | K9: 173353 | L9: 168340.47 | M9: 186236.1 | N9: 154793 | O9: 243869.83 | P9: 164821 | Q9: =215407.6+89040 -> 304447.6 | R9: 389079 | S9: =SUM(D9:R9)+T9 -> 2647767.4 | T9: 314347.3
O10: =O9-127277 -> 116592.83
C12: DIFRENÇA | D12: =D9/D8-1 -> 0.098058716 | E12: =E9/E8-1 -> -0.16184966 | F12: =F9/F8-1 -> 0.28606907 | H12: =H9/H8-1 -> 0.15331534 | K12: =K9/K8-1 -> -0.17457075 | L12: =L9/L8-1 -> -0.072871471 | M12: =M9/M8-1 -> -0.4167691 | N12: =N9/N8-1 -> -0.31580713 | O12: =O9/O8-1 -> 0.42847805 | P12: =P9/P8-1 -> -0.084327778 | Q12: =Q9/Q8-1 -> 0.36421028 | R12: =R9/R8-1 -> 0.18432833 | S12: =S9/S8-1 -> 0.087361696 | T12: =S9/S5-1 -> 0.30483404 | Y12: 0.0695
C13: TAXA DE CRESCIMENTO | D13: 0.3 | E13: 0.3 | F13: 0.3 | H13: 0.3 | K13: 0.3 | L13: 0.3 | M13: 0.3 | N13: 0.3 | O13: 0.3 | P13: 0.3 | Q13: 0.3 | R13: 0.3 | S13: 0.3
C14: FATURAMENTO ESPERADO 2026 | D14: =D9*1.3 -> 96627.7 | E14: =E9*1.3 -> 155757.55 | F14: 200000 | H14: =H9*1.3 -> 155351.3 | K14: =K9*1.3 -> 225358.9 | L14: =L9*1.3 -> 218842.61 | M14: =M9*1.3 -> 242106.93 | N14: =N9*1.3 -> 201230.9 | O14: =O9*1.3 -> 317030.78 | P14: =P9*1.3 -> 214267.3 | Q14: =Q9*1.3 -> 395781.88 | R14: =R9*1.3 -> 505802.7 | S14: =SUM(D14:R14) -> 2928158.6
C15: FATURAMENTO REAL | D15: 150841 | E15: 156526 | F15: 222342 | H15: 165000.2 | K15: 188497.5 | L15: 226636.2 | M15: 207311.5 | O15: =O14-160000 -> 157030.78 | S15: =SUM(D15:R15) -> 1474185.2 | T15: =SUM(D14:E14) -> 252385.25 | U15: =S15-T15 -> 1221799.9 | Y15: 0.0483 | Z15: =Y12-Y15 -> 0.0212
C16: DIFERENÇA | D16: =D15/D14-1 -> 0.5610534 | E16: =E15/E14-1 -> 0.0049336292 | F16: =F15/F14-1 -> 0.11171 | H16: =H15/H14-1 -> 0.062110198 | K16: =K15/K14-1 -> -0.16356754 | L16: =L15/L14-1 -> 0.035612758 | M16: =M15/M14-1 -> -0.14371926 | N16: =N15/N14-1 -> -1 | O16: =O15/O14-1 -> -0.50468286 | P16: =P15/P14-1 -> -1 | Q16: =Q15/Q14-1 -> -1 | R16: =R15/R14-1 -> -1 | S16: =S15/S14-1 -> -0.49654872
F17: =SUM(L15:M15) -> 433947.7 | H17: 460949.54 | K17: =H17-F17 -> 27001.84 | L17: 354576.57
C18: SOBRAL - PLANO TRIMESTRAL | L18: =F17-L17 -> 79371.13 | U18: 2024 | V18: JAN - JUL | W18: =SUM(D5:N5) -> 1195003.2
D20: JAN | E20: FEV | F20: MAR | G20: INDIVIDUAL | H20: ABR | J20: Individual | K20: MAI | L20: JUN | M20: JUL | N20: AGO | O20: SET | P20: OUT | Q20: NOV | R20: DEZ | U20: 2025 | V20: JAN - JUL | W20: =S9 -> 2647767.4 | X20: =W20/W18 -> 2.215699
C21: MÍNIMA | D21: 70000 | E21: 90000 | F21: 110000 | G21: =F21/5 -> 22000 | H21: 100000 | J21: =H21/5 -> 20000 | K21: 120000 | L21: 140000 | M21: 80000 | N21: 120000 | O21: 80000 | P21: 100000 | Q21: 110000 | R21: 150000
C22: TOP 1 | D22: 80000 | E22: 110000 | F22: 140000 | G22: =F22/5 -> 28000 | H22: 130000 | J22: =H22/5 -> 26000 | K22: 150000 | L22: 170000 | M22: 90000 | N22: 140000 | O22: 100000 | P22: 120000 | Q22: 140000 | R22: 200000 | U22: 2025 | V22: JAN - JUL | W22: =SUM(D8:M8) -> 1207762.1 | X22: =W20/W22 -> 2.1922922
C23: TOP 2 | D23: 100000 | E23: 130000 | F23: 170000 | G23: =F23/5 -> 34000 | H23: 160000 | J23: =H23/5 -> 32000 | K23: 180000 | L23: 200000 | M23: 100000 | N23: 160000 | O23: 120000 | P23: 140000 | Q23: 170000 | R23: 250000 | W23: =W22-W20 -> -1440005.3
C24: MASTER | D24: 120000 | E24: 150000 | F24: 200000 | G24: =F24/5 -> 40000 | H24: 180000 | J24: =H24/5 -> 36000 | K24: 210000 | L24: 230000 | M24: 110000 | N24: 180000 | O24: 140000 | P24: 160000 | Q24: 200000 | R24: 300000 | W24: =W23/5 -> -288001.06
C26: MÍNIMA | D26: =IF($D$15>D21,"BATEU","NÃO BATEU") -> BATEU | E26: =IF($E$15>E21,"BATEU","NÃO BATEU") -> BATEU | F26: =IF($F$9>F21,"BATEU","NÃO BATEU") -> BATEU | H26: =IF($H$9>H21,"BATEU","NÃO BATEU") -> BATEU | K26: =IF($K$9>K21,"BATEU","NÃO BATEU") -> BATEU | L26: =IF($L$9>L21,"BATEU","NÃO BATEU") -> BATEU | M26: =IF($M$9>M21,"BATEU","NÃO BATEU") -> BATEU | N26: =IF($N$9>N21,"BATEU","NÃO BATEU") -> BATEU | O26: =IF($O$9>O21,"BATEU","NÃO BATEU") -> BATEU | P26: =IF($P$9>P21,"BATEU","NÃO BATEU") -> BATEU | Q26: =IF($Q$9>Q21,"BATEU","NÃO BATEU") -> BATEU | R26: =IF($R$9>R21,"BATEU","NÃO BATEU") -> BATEU
C27: TOP 1 | D27: =IF($D$15>D22,"BATEU","NÃO BATEU") -> BATEU | E27: =IF($E$15>E22,"BATEU","NÃO BATEU") -> BATEU | F27: =IF($F$9>F22,"BATEU","NÃO BATEU") -> BATEU | H27: =IF($H$9>H22,"BATEU","NÃO BATEU") -> NÃO BATEU | K27: =IF($K$9>K22,"BATEU","NÃO BATEU") -> BATEU | L27: =IF($L$9>L22,"BATEU","NÃO BATEU") -> NÃO BATEU | M27: =IF($M$9>M22,"BATEU","NÃO BATEU") -> BATEU | N27: =IF($N$9>N22,"BATEU","NÃO BATEU") -> BATEU | O27: =IF($O$9>O22,"BATEU","NÃO BATEU") -> BATEU | P27: =IF($P$9>P22,"BATEU","NÃO BATEU") -> BATEU | Q27: =IF($Q$9>Q22,"BATEU","NÃO BATEU") -> BATEU | R27: =IF($R$9>R22,"BATEU","NÃO BATEU") -> BATEU
C28: TOP 2 | D28: =IF($D$15>D23,"BATEU","NÃO BATEU") -> BATEU | E28: =IF($E$15>E23,"BATEU","NÃO BATEU") -> BATEU | F28: =IF($F$9>F23,"BATEU","NÃO BATEU") -> BATEU | H28: =IF($H$9>H23,"BATEU","NÃO BATEU") -> NÃO BATEU | K28: =IF($K$9>K23,"BATEU","NÃO BATEU") -> NÃO BATEU | L28: =IF($L$9>L23,"BATEU","NÃO BATEU") -> NÃO BATEU | M28: =IF($M$9>M23,"BATEU","NÃO BATEU") -> BATEU | N28: =IF($N$9>N23,"BATEU","NÃO BATEU") -> NÃO BATEU | O28: =IF($O$9>O23,"BATEU","NÃO BATEU") -> BATEU | P28: =IF($P$9>P23,"BATEU","NÃO BATEU") -> BATEU | Q28: =IF($Q$9>Q23,"BATEU","NÃO BATEU") -> BATEU | R28: =IF($R$9>R23,"BATEU","NÃO BATEU") -> BATEU
C29: MASTER | D29: =IF($D$15>D24,"BATEU","NÃO BATEU") -> BATEU | E29: =IF($E$15>E24,"BATEU","NÃO BATEU") -> BATEU | F29: =IF($F$9>F24,"BATEU","NÃO BATEU") -> BATEU | H29: =IF($H$9>H24,"BATEU","NÃO BATEU") -> NÃO BATEU | K29: =IF($K$9>K24,"BATEU","NÃO BATEU") -> NÃO BATEU | L29: =IF($L$9>L24,"BATEU","NÃO BATEU") -> NÃO BATEU | M29: =IF($M$9>M24,"BATEU","NÃO BATEU") -> BATEU | N29: =IF($N$9>N24,"BATEU","NÃO BATEU") -> NÃO BATEU | O29: =IF($O$9>O24,"BATEU","NÃO BATEU") -> BATEU | P29: =IF($P$9>P24,"BATEU","NÃO BATEU") -> BATEU | Q29: =IF($Q$9>Q24,"BATEU","NÃO BATEU") -> BATEU | R29: =IF($R$9>R24,"BATEU","NÃO BATEU") -> BATEU
Q31: NOV | R31: DEZ
Q32: =Q21/5 -> 22000 | R32: =R21/5 -> 30000
Q33: =Q22/5 -> 28000 | R33: =R22/5 -> 40000
Q34: =Q23/5 -> 34000 | R34: =R23/5 -> 50000
Q35: =Q24/5 -> 40000 | R35: =R24/5 -> 60000

Sheet Planilha4

Sheet DASHBOARD

Sheet Detalhes1
A1: Detalhes do Valor Total - DIA DA SEMANA: DOMINGO
A3: DATA | B3: DIA DA SEMANA | C3: VALOR
A4: 45809 | B4: DOMINGO | C4: 0
A5: 45837 | B5: DOMINGO | C5: 0
A6: 45830 | B6: DOMINGO | C6: 0
A7: 45823 | B7: DOMINGO | C7: 0
A8: 45816 | B8: DOMINGO | C8: 0

Sheet ANÁLISE GERAL SOBRAL 2025
J1: 45908
C2: SOBRAL | Q2: SOBRAL
D3: JAN | E3: FEV | F3: MAR | G3: ABR | H3: MAI | I3: JUN | J3: JUL | K3: AGO | L3: SET | M3: OUT | N3: NOV | O3: DEZ | P3: TOTAL | Q3: Ano | R3: Fat. Máx | S3: Fat. Mín | T3: Média de Faturamento | U3: Tícket Médio | V3: Peças por Atendimento
C4: 2023 | D4: 69665 | E4: 66339.9 | F4: 112868.2 | G4: 110771 | H4: 76196 | I4: 124891 | J4: 97317.4 | K4: 95136 | L4: 116125 | M4: 144644.1 | N4: 228425.88 | O4: 278369.22 | P4: =SUM(D4:O4) -> 1520748.7 | Q4: 2023 | R4: =MAX(D4:O4) -> 278369.22 | S4: =MIN(D4:O4) -> 66339.9 | T4: =AVERAGE(D4:O4) -> 126729.06
C5: 2024 | D5: 56409.4 | E5: 119124.91 | F5: 152166.95 | G5: 86346 | H5: 175012.98 | I5: 151309.9 | J5: 266098.3 | K5: 188534.8 | L5: 142266.7 | M5: 232186.56 | N5: 185973.04 | O5: 273769.1 | P5: =SUM(D5:O5) -> 2029198.6 | Q5: 2024 | R5: =MAX(D5:O5) -> 273769.1 | S5: =MIN(D5:O5) -> 56409.4 | T5: =AVERAGE(D5:O5) -> 169099.89
C6: TAXA DE CRESCIMENTO 2023/2024 | D6: =D5/D4-1 -> -0.19027632 | E6: =E5/E4-1 -> 0.79567515 | F6: =F5/F4-1 -> 0.34818266 | G6: =G5/G4-1 -> -0.22049995 | H6: =H5/H4-1 -> 1.2968788 | I6: =I5/I4-1 -> 0.21153566 | J6: =J5/J4-1 -> 1.7343343 | K6: =K5/K4-1 -> 0.98173983 | ... P6: =P5/P4-1 -> 0.33434185 | Q6: 2025 | R6: =MAX(D9:O9) -> 389079 | S6: =MIN(D9:O9) -> 74329 | T6: =AVERAGE(D9:K9) -> 153900.34 | U6: 283.06 | V6: 2.08
C7: TAXA DE CRESCIMENTO ESPERADA 2025 | D7: 0.2 | E7: 0.2 | F7: 0.2 | G7: 0.2 | H7: 0.2 | I7: 0.2 | J7: 0.2 | K7: 0.2 | L7: 0.2 | M7: 0.2 | N7: 0.2 | O7: 0.2 | P7: 0.2
C8: FATURAMENTO ESPERADO 2025 | D8: =D5*(100%+D7) -> 67691.28 | E8: =E5*(100%+E7) -> 142949.89 | F8: =F5*(100%+F7) -> 182600.34 | G8: =G5*(100%+G7) -> 103615.2 | H8: =H5*(100%+H7) -> 210015.58 | I8: =I5*(100%+I7) -> 181571.88 | J8: =J5*(100%+J7) -> 319317.96 | K8: =K5*(100%+K7) -> 226241.76 | L8: =L5*(100%+L7) -> 170720.04 | M8: =150000*1.2 -> 180000 | N8: =N5*(100%+N7) -> 223167.65 | O8: =O5*(100%+O7) -> 328522.92 | P8: =P5*(100%+P7) -> 2435038.4 | Q8: =P8-P9 -> -212729.08
C9: FATURAMENTO REAL | D9: 74329 | E9: 119813.5 | F9: 234836.65 | G9: 119501 | H9: 173353 | I9: 168340.47 | J9: 186236.1 | K9: 154793 | L9: 243869.83 | M9: 164821 | N9: =215407.6+89040 -> 304447.6 | O9: 389079 | P9: =SUM(D9:O9)+Q9 -> 2647767.4 | Q9: 314347.3
C10: DIFRENÇA | D10: =D9/D8-1 -> 0.098058716 | E10: =E9/E8-1 -> -0.16184966 | F10: =F9/F8-1 -> 0.28606907 | G10: =G9/G8-1 -> 0.15331534 | H10: =H9/H8-1 -> -0.17457075 | I10: =I9/I8-1 -> -0.072871471 | J10: =J9/J8-1 -> -0.4167691 | K10: =K9/K8-1 -> -0.31580713 | ... P10: =P9/P8-1 -> 0.087361696 | Q10: =P9/P5-1 -> 0.30483404 | V10: 0.0695
V11: 0.0483 | W11: =V10-V11 -> 0.0212
R12: 2024 | S12: JAN - JUL | T12: =SUM(D5:K5) -> 1195003.2
D13: JAN | E13: FEV | F13: MAR | G13: ABR | H13: MAI | I13: JUN | J13: JUL | K13: AGO | L13: SET | M13: OUT | N13: NOV | O13: DEZ | R13: 2025 | S13: JAN - JUL | T13: =P9 -> 2647767.4 | U13: =T13/T12 -> 2.215699
C14: MÍNIMA | D14: 70000 | E14: 100000 | F14: 80000 | G14: 80000 | H14: 100000 | I14: 120000 | J14: 80000 | K14: 120000 | L14: 80000 | M14: 100000 | N14: 110000 | O14: 150000
C15: TOP 1 | D15: 80000 | E15: 115000 | F15: 88000 | G15: 100000 | H15: 130000 | I15: 150000 | J15: 90000 | K15: 140000 | L15: 100000 | M15: 120000 | N15: 140000 | O15: 200000 | R15: 2025 | S15: JAN - JUL | T15: =SUM(D8:J8) -> 1207762.1 | U15: =T13/T15 -> 2.1922922
C16: TOP 2 | D16: 90000 | E16: 130000 | F16: 90000 | G16: 130000 | H16: 160000 | I16: 180000 | J16: 100000 | K16: 160000 | L16: 120000 | M16: 140000 | N16: 170000 | O16: 250000 | T16: =T15-T13 -> -1440005.3
C17: MASTER | D17: 100000 | E17: 145000 | F17: 95000 | G17: 150000 | H17: 180000 | I17: 200000 | J17: 110000 | K17: 180000 | L17: 140000 | M17: 160000 | N17: 200000 | O17: 300000 | T17: =T16/5 -> -288001.06
C19: MÍNIMA | D19: =IF($D$9>D14,"BATEU","NÃO BATEU") -> BATEU | E19: =IF($E$9>E14,"BATEU","NÃO BATEU") -> BATEU | F19: =IF($F$9>F14,"BATEU","NÃO BATEU") -> BATEU | G19: =IF($G$9>G14,"BATEU","NÃO BATEU") -> BATEU | H19: =IF($H$9>H14,"BATEU","NÃO BATEU") -> BATEU | I19: =IF($I$9>I14,"BATEU","NÃO BATEU") -> BATEU | J19: =IF($J$9>J14,"BATEU","NÃO BATEU") -> BATEU | K19: =IF($K$9>K14,"BATEU","NÃO BATEU") -> BATEU | L19: =IF($L$9>L14,"BATEU","NÃO BATEU") -> BATEU | M19: =IF($M$9>M14,"BATEU","NÃO BATEU") -> BATEU | N19: =IF($N$9>N14,"BATEU","NÃO BATEU") -> BATEU | O19: =IF($O$9>O14,"BATEU","NÃO BATEU") -> BATEU
C20: TOP 1 | D20: =IF($D$9>D15,"BATEU","NÃO BATEU") -> NÃO BATEU | E20: =IF($E$9>E15,"BATEU","NÃO BATEU") -> BATEU | F20: =IF($F$9>F15,"BATEU","NÃO BATEU") -> BATEU | G20: =IF($G$9>G15,"BATEU","NÃO BATEU") -> BATEU | H20: =IF($H$9>H15,"BATEU","NÃO BATEU") -> BATEU | I20: =IF($I$9>I15,"BATEU","NÃO BATEU") -> BATEU | J20: =IF($J$9>J15,"BATEU","NÃO BATEU") -> BATEU | K20: =IF($K$9>K15,"BATEU","NÃO BATEU") -> BATEU | L20: =IF($L$9>L15,"BATEU","NÃO BATEU") -> BATEU | M20: =IF($M$9>M15,"BATEU","NÃO BATEU") -> BATEU | N20: =IF($N$9>N15,"BATEU","NÃO BATEU") -> BATEU | O20: =IF($O$9>O15,"BATEU","NÃO BATEU") -> BATEU
C21: TOP 2 | D21: =IF($D$9>D16,"BATEU","NÃO BATEU") -> NÃO BATEU | E21: =IF($E$9>E16,"BATEU","NÃO BATEU") -> NÃO BATEU | F21: =IF($F$9>F16,"BATEU","NÃO BATEU") -> BATEU | G21: =IF($G$9>G16,"BATEU","NÃO BATEU") -> NÃO BATEU | H21: =IF($H$9>H16,"BATEU","NÃO BATEU") -> BATEU | I21: =IF($I$9>I16,"BATEU","NÃO BATEU") -> NÃO BATEU | J21: =IF($J$9>J16,"BATEU","NÃO BATEU") -> BATEU | K21: =IF($K$9>K16,"BATEU","NÃO BATEU") -> NÃO BATEU | L21: =IF($L$9>L16,"BATEU","NÃO BATEU") -> BATEU | M21: =IF($M$9>M16,"BATEU","NÃO BATEU") -> BATEU | N21: =IF($N$9>N16,"BATEU","NÃO BATEU") -> BATEU | O21: =IF($O$9>O16,"BATEU","NÃO BATEU") -> BATEU
C22: MASTER | D22: =IF($D$9>D17,"BATEU","NÃO BATEU") -> NÃO BATEU | E22: =IF($E$9>E17,"BATEU","NÃO BATEU") -> NÃO BATEU | F22: =IF($F$9>F17,"BATEU","NÃO BATEU") -> BATEU | G22: =IF($G$9>G17,"BATEU","NÃO BATEU") -> NÃO BATEU | H22: =IF($H$9>H17,"BATEU","NÃO BATEU") -> NÃO BATEU | I22: =IF($I$9>I17,"BATEU","NÃO BATEU") -> NÃO BATEU | J22: =IF($J$9>J17,"BATEU","NÃO BATEU") -> BATEU | K22: =IF($K$9>K17,"BATEU","NÃO BATEU") -> NÃO BATEU | L22: =IF($L$9>L17,"BATEU","NÃO BATEU") -> BATEU | M22: =IF($M$9>M17,"BATEU","NÃO BATEU") -> BATEU | N22: =IF($N$9>N17,"BATEU","NÃO BATEU") -> BATEU | O22: =IF($O$9>O17,"BATEU","NÃO BATEU") -> BATEU
N24: NOV | O24: DEZ
N25: =N14/5 -> 22000 | O25: =O14/5 -> 30000
N26: =N15/5 -> 28000 | O26: =O15/5 -> 40000
N27: =N16/5 -> 34000 | O27: =O16/5 -> 50000
N28: =N17/5 -> 40000 | O28: =O17/5 -> 60000

Sheet Planilha3
G2: OUT | H2: INDIVIDUAL
G3: 30000 | H3: =G3/3 -> 10000
G4: 40000 | H4: =G4/3 -> 13333.333
G5: 50000 | H5: =G5/3 -> 16666.667
G6: 70000 | H6: =G6/3 -> 23333.333

Sheet IMAGENS
D3: NOME | E3: FOTO | H3: NOME | I3: FOTO
D4: SHERON | E4: #VALUE! | H4: ALINE | I4: #VALUE!
D5: CRIS | E5: #VALUE! | H5: AIANE | I5: #VALUE!
D6: NARA | E6: #VALUE!

Sheet Planilha2
