Workbook
Name ANALISE2: #REF!
Name ANALISE2: #REF!
Name ANALISE2: #REF!
Name ANALISE2: #REF!
Name ANALISE2: #REF!
Name ANALISE2: #REF!
Name CalendárioAno1: #REF!
Name CalendárioAno1: #REF!
Name CalendárioAno1: #REF!
Name CalendárioAno1: #REF!
Name CalendárioAno10: #REF!
Name CalendárioAno10: #REF!
Name CalendárioAno10: #REF!
Name CalendárioAno10: #REF!
Name CalendárioAno11: #REF!
Name CalendárioAno11: #REF!
Name CalendárioAno11: #REF!
Name CalendárioAno11: #REF!
Name CalendárioAno12: #REF!
Name CalendárioAno12: #REF!
Name CalendárioAno12: #REF!
Name CalendárioAno12: #REF!
Name CalendárioAno2: #REF!
Name CalendárioAno2: #REF!
Name CalendárioAno2: #REF!
Name CalendárioAno2: #REF!
Name CalendárioAno3: #REF!
Name CalendárioAno3: #REF!
Name CalendárioAno3: #REF!
Name CalendárioAno3: #REF!
Name CalendárioAno4: #REF!
Name CalendárioAno4: #REF!
Name CalendárioAno4: #REF!
Name CalendárioAno4: #REF!
Name CalendárioAno5: #REF!
Name CalendárioAno5: #REF!
Name CalendárioAno5: #REF!
Name CalendárioAno5: #REF!
Name CalendárioAno6: #REF!
Name CalendárioAno6: #REF!
Name CalendárioAno6: #REF!
Name CalendárioAno6: #REF!
Name CalendárioAno7: #REF!
Name CalendárioAno7: #REF!
Name CalendárioAno7: #REF!
Name CalendárioAno7: #REF!
Name CalendárioAno8: #REF!
Name CalendárioAno8: #REF!
Name CalendárioAno8: #REF!
Name CalendárioAno8: #REF!
Name CalendárioAno9: #REF!
Name CalendárioAno9: #REF!
Name CalendárioAno9: #REF!
Name CalendárioAno9: #REF!
Name CaléndárioMês1: #REF!
Name CaléndárioMês1: #REF!
Name CaléndárioMês1: #REF!
Name CaléndárioMês1: #REF!
Name CaléndárioMês10: #REF!
Name CaléndárioMês10: #REF!

Sheet ANÁLISE GERAL ITAPIPOCA
C2: ITAPIPOCA | Q2: Itapipoca
D3: JAN | E3: FEV | F3: MAR | G3: ABR | H3: MAI | I3: JUN | J3: JUL | K3: AGO | L3: SET | M3: OUT | N3: NOV | O3: DEZ | P3: TOTAL | Q3: Ano | R3: Fat. Máx | S3: Fat. Mín | T3: Média de Faturamento | U3: Tícket Médio | V3: Peças por Atendimento
C4: 2023 | D4: 19874 | E4: 14184.94 | F4: 31306.95 | G4: 24315 | H4: 61782.5 | I4: 42011 | J4: 33355 | K4: 41895 | L4: 33729.1 | M4: 32190 | N4: 66009 | O4: 93436 | P4: =SUM(D4:O4) -> 494088.49 | Q4: 2023 | R4: =MAX(D4:O4) -> 93436 | S4: =MIN(D4:O4) -> 14184.94 | T4: =AVERAGE(D4:O4) -> 41174.041
C5: 2024 | D5: 18528 | E5: 25658.7 | F5: 48575.6 | G5: 66407.9 | H5: 68016.9 | I5: 53766.9 | J5: 76693 | K5: 55215.5 | L5: =104015.6-60621 -> 43394.6 | M5: 30796 | N5: 69122.2 | O5: 108361.6 | P5: =SUM(D5:O5) -> 664536.9 | Q5: 2024 | R5: =MAX(D5:O5) -> 108361.6 | S5: =MIN(D5:O5) -> 18528 | T5: =AVERAGE(D5:O5) -> 55378.075
C6: TAXA DE CRESCIMENTO 2023/2024 | D6: =D5/D4-1 -> -0.067726678 | E6: =E5/E4-1 -> 0.80886912 | F6: =F5/F4-1 -> 0.55159158 | G6: =G5/G4-1 -> 1.7311495 | H6: =H5/H4-1 -> 0.10090883 | I6: =I5/I4-1 -> 0.27982909 | J6: =J5/J4-1 -> 1.2992955 | K6: =K5/K4-1 -> 0.31794964 | ... P6: =P5/P4-1 -> 0.34497547 | Q6: 2025 | R6: =MAX(D9:O9) -> 215342.03 | S6: =MIN(D9:O9) -> 19820 | T6: =AVERAGE(D9:K9) -> 64475.35 | U6: 288.94 | V6: 1.991
C7: TAXA DE CRESCIMENTO ESPERADA 2025 | D7: 0.2 | E7: 0.2 | F7: 0.2 | G7: 0.2 | H7: 0.2 | I7: 0.2 | J7: 0.2 | K7: 0.2 | L7: 0.2 | M7: 0.2 | N7: 0.2 | O7: 0.2 | P7: 0.2
C8: FATURAMENTO ESPERADO 2025 | D8: =D5*(100%+D7) -> 22233.6 | E8: =E5*(100%+E7) -> 30790.44 | F8: =F5*(100%+F7) -> 58290.72 | G8: =G5*(100%+G7) -> 79689.48 | H8: =H5*(100%+H7) -> 81620.28 | I8: =I5*(100%+I7) -> 64520.28 | J8: =J5*(100%+J7) -> 92031.6 | K8: =K5*(100%+K7) -> 66258.6 | ... P8: =P5*(100%+P7) -> 797444.28
C9: FATURAMENTO REAL | D9: 19820 | E9: 35317 | F9: 38451.9 | G9: 82472.9 | H9: 99000 | I9: 62464 | J9: 101707.4 | K9: 76569.6 | L9: 37405.7 | M9: 77294 | N9: 109996.8 | O9: 215342.03 | P9: =SUM(D9:O9)+Q10 -> 1222683.3 | Q9: =P9/P5-1 -> 0.83990284
C10: DIFRENÇA | D10: =D9/D8-1 -> -0.10855642 | E10: =E9/E8-1 -> 0.14701186 | F10: =F9/F8-1 -> -0.34034268 | G10: =G9/G8-1 -> 0.034928324 | H10: =H9/H8-1 -> 0.21293384 | I10: =I9/I8-1 -> -0.031870289 | J10: =J9/J8-1 -> 0.10513563 | K10: =K9/K8-1 -> 0.15561753 | ... P10: =P9/P8-1 -> 0.53325237 | Q10: 266842
R12: 2024 | S12: JAN - JUL | T12: =SUM(D5:K5) -> 412862.5
D13: JAN | E13: FEV | F13: MAR | G13: ABR | H13: MAI | I13: JUN | J13: JUL | K13: AGO | L13: SET | M13: OUT | N13: NOV | O13: DEZ | R13: 2025 | S13: JAN - JUL | T13: =P9 -> 1222683.3 | U13: =T13/T12 -> 2.9614783
C14: MÍNIMA | D14: 15000 | E14: 25000 | F14: 45000 | G14: 30000 | H14: 40000 | I14: 40000 | J14: 40000 | K14: 30000 | L14: 30000 | M14: 30000 | N14: 30000 | O14: 50000
C15: TOP 1 | D15: 20000 | E15: 35000 | F15: 55000 | G15: 40000 | H15: 50000 | I15: 60000 | J15: 50000 | K15: 40000 | L15: 40000 | M15: 40000 | N15: 50000 | O15: 80000 | R15: 2025 | S15: JAN - JUL | T15: =SUM(D8:K8) -> 495435 | U15: =T13/T15 -> 2.4678986
C16: TOP 2 | D16: 25000 | E16: 45000 | F16: 65000 | G16: 50000 | H16: 60000 | I16: 80000 | J16: 60000 | K16: 50000 | L16: 50000 | M16: 50000 | N16: 70000 | O16: 130000
C17: MASTER | D17: 30000 | E17: 50000 | F17: 80000 | G17: 60000 | H17: 80000 | I17: 100000 | J17: 80000 | K17: 60000 | L17: 60000 | M17: 70000 | N17: 90000 | O17: 180000
C19: MÍNIMA | D19: =IF($D$9>D14,"BATEU","NÃO BATEU") -> BATEU | E19: =IF($E$9>E14,"BATEU","NÃO BATEU") -> BATEU | F19: =IF($F$9>F14,"BATEU","NÃO BATEU") -> NÃO BATEU | G19: =IF($G$9>G14,"BATEU","NÃO BATEU") -> BATEU | H19: =IF($H$9>H14,"BATEU","NÃO BATEU") -> BATEU | I19: =IF($I$9>I14,"BATEU","NÃO BATEU") -> BATEU | J19: =IF($J$9>J14,"BATEU","NÃO BATEU") -> BATEU | K19: =IF($K$9>K14,"BATEU","NÃO BATEU") -> BATEU | L19: =IF($L$9>L14,"BATEU","NÃO BATEU") -> BATEU | M19: =IF($M$9>M14,"BATEU","NÃO BATEU") -> BATEU | N19: =IF($N$9>N14,"BATEU","NÃO BATEU") -> BATEU | O19: =IF($O$9>O14,"BATEU","NÃO BATEU") -> BATEU
C20: TOP 1 | D20: =IF($D$9>D15,"BATEU","NÃO BATEU") -> NÃO BATEU | E20: =IF($E$9>E15,"BATEU","NÃO BATEU") -> BATEU | F20: =IF($F$9>F15,"BATEU","NÃO BATEU") -> NÃO BATEU | G20: =IF($G$9>G15,"BATEU","NÃO BATEU") -> BATEU | H20: =IF($H$9>H15,"BATEU","NÃO BATEU") -> BATEU | I20: =IF($I$9>I15,"BATEU","NÃO BATEU") -> BATEU | J20: =IF($J$9>J15,"BATEU","NÃO BATEU") -> BATEU | K20: =IF($K$9>K15,"BATEU","NÃO BATEU") -> BATEU | L20: =IF($L$9>L15,"BATEU","NÃO BATEU") -> NÃO BATEU | M20: =IF($M$9>M15,"BATEU","NÃO BATEU") -> BATEU | N20: =IF($N$9>N15,"BATEU","NÃO BATEU") -> BATEU | O20: =IF($O$9>O15,"BATEU","NÃO BATEU") -> BATEU
C21: TOP 2 | D21: =IF($D$9>D16,"BATEU","NÃO BATEU") -> NÃO BATEU | E21: =IF($E$9>E16,"BATEU","NÃO BATEU") -> NÃO BATEU | F21: =IF($F$9>F16,"BATEU","NÃO BATEU") -> NÃO BATEU | G21: =IF($G$9>G16,"BATEU","NÃO BATEU") -> BATEU | H21: =IF($H$9>H16,"BATEU","NÃO BATEU") -> BATEU | I21: =IF($I$9>I16,"BATEU","NÃO BATEU") -> NÃO BATEU | J21: =IF($J$9>J16,"BATEU","NÃO BATEU") -> BATEU | K21: =IF($K$9>K16,"BATEU","NÃO BATEU") -> BATEU | L21: =IF($L$9>L16,"BATEU","NÃO BATEU") -> NÃO BATEU | M21: =IF($M$9>M16,"BATEU","NÃO BATEU") -> BATEU | N21: =IF($N$9>N16,"BATEU","NÃO BATEU") -> BATEU | O21: =IF($O$9>O16,"BATEU","NÃO BATEU") -> BATEU
C22: MASTER | D22: =IF($D$9>D17,"BATEU","NÃO BATEU") -> NÃO BATEU | E22: =IF($E$9>E17,"BATEU","NÃO BATEU") -> NÃO BATEU | F22: =IF($F$9>F17,"BATEU","NÃO BATEU") -> NÃO BATEU | G22: =IF($G$9>G17,"BATEU","NÃO BATEU") -> BATEU | H22: =IF($H$9>H17,"BATEU","NÃO BATEU") -> BATEU | I22: =IF($I$9>I17,"BATEU","NÃO BATEU") -> NÃO BATEU | J22: =IF($J$9>J17,"BATEU","NÃO BATEU") -> BATEU | K22: =IF($K$9>K17,"BATEU","NÃO BATEU") -> BATEU | L22: =IF($L$9>L17,"BATEU","NÃO BATEU") -> NÃO BATEU | M22: =IF($M$9>M17,"BATEU","NÃO BATEU") -> BATEU | N22: =IF($N$9>N17,"BATEU","NÃO BATEU") -> BATEU | O22: =IF($O$9>O17,"BATEU","NÃO BATEU") -> BATEU
N24: NOV | O24: DEZ - Individual | P24: DEZ - Geral
N25: =N14/3 -> 10000 | O25: 16700 | P25: 50000
N26: 17000 | O26: 26700 | P26: 80000
N27: 23500 | O27: 43400 | P27: 130000
N28: =N17/3 -> 30000 | O28: =O17/3 -> 60000 | P28: 180000

Sheet METAS - ITAPIPOCA
B2: VENDAS - METAS INDIVIDUAIS
B3: META MÍNIMA | C3: TOP 1 | D3: TOP 2 | E3: MASTER
B4: =VENDAS_VENDEDOR!J3 -> 13333.333 | C4: =VENDAS_VENDEDOR!K3 -> 16666.667 | D4: =VENDAS_VENDEDOR!L3 -> 20000 | E4: =VENDAS_VENDEDOR!M3 -> 26666.667
B6: VENDAS - ONLINE
B7: META MÍNIMA | C7: TOP 1 | D7: TOP 2 | E7: MASTER
B8: =VENDAS_VENDEDOR!O3 -> 0 | C8: =VENDAS_VENDEDOR!P3 -> 0 | D8: =VENDAS_VENDEDOR!Q3 -> 0 | E8: =VENDAS_VENDEDOR!R3 -> 0
B10: MÍNIMO
B11: MÍNIMA | C11: =H32 -> TOTAL
B12: SEMANA 1 | E12: SEMANA 2 | H12: SEMANA 3
B13: DOMINGO | C13: =ITAPIPOCA!O36 | E13: DOMINGO | F13: =ITAPIPOCA!R36 | H13: DOMINGO | I13: =ITAPIPOCA!U36 -> 0
B14: SEGUNDA-FEIRA | C14: =ITAPIPOCA!O37 | E14: SEGUNDA-FEIRA | F14: =ITAPIPOCA!R37 -> 1463.3179 | H14: SEGUNDA-FEIRA | I14: =ITAPIPOCA!U37 -> 1463.3179
B15: TERÇA-FEIRA | C15: =ITAPIPOCA!O38 | E15: TERÇA-FEIRA | F15: =ITAPIPOCA!R38 -> 1283.5179 | H15: TERÇA-FEIRA | I15: =ITAPIPOCA!U38 -> 1283.5179
B16: QUARTA-FEIRA | C16: =ITAPIPOCA!O39 -> 816.83042 | E16: QUARTA-FEIRA | F16: =ITAPIPOCA!R39 -> 816.83042 | H16: QUARTA-FEIRA | I16: =ITAPIPOCA!U39 -> 816.83042
B17: QUINTA-FEIRA | C17: =ITAPIPOCA!O40 -> 1528.5557 | E17: QUINTA-FEIRA | F17: =ITAPIPOCA!R40 -> 1528.5557 | H17: QUINTA-FEIRA | I17: =ITAPIPOCA!U40 -> 1528.5557
B18: SEXTA-FEIRA | C18: =ITAPIPOCA!O41 -> 2893.2242 | E18: SEXTA-FEIRA | F18: =ITAPIPOCA!R41 -> 2893.2242 | H18: SEXTA-FEIRA | I18: =ITAPIPOCA!U41 -> 2893.2242
B19: SÁBADO | C19: =ITAPIPOCA!O42 -> 1428.2074 | E19: SÁBADO | F19: =ITAPIPOCA!R42 -> 1428.2074 | H19: SÁBADO | I19: =ITAPIPOCA!U42 -> 1428.2074
B21: TOTAL | C21: =SUM(C14:C19) -> 6666.8177 | E21: TOTAL | F21: =SUM(F14:F19) -> 9413.6535 | H21: TOTAL | I21: =SUM(I14:I19) -> 9413.6535
B23: SEMANA 4 | E23: SEMANA 5 | H23: SEMANA 6
B24: DOMINGO | C24: =ITAPIPOCA!O47 -> 0 | E24: DOMINGO | F24: =ITAPIPOCA!R47 -> 0 | H24: DOMINGO | I24: =ITAPIPOCA!U47 -> 0
B25: SEGUNDA-FEIRA | C25: =ITAPIPOCA!O48 -> 1463.3179 | E25: SEGUNDA-FEIRA | F25: =ITAPIPOCA!R48 -> 1463.3179 | H25: SEGUNDA-FEIRA | I25: =ITAPIPOCA!U48
B26: TERÇA-FEIRA | C26: =ITAPIPOCA!O49 -> 1283.5179 | E26: TERÇA-FEIRA | F26: =ITAPIPOCA!R49 -> 1283.5179 | H26: TERÇA-FEIRA | I26: =ITAPIPOCA!U49
B27: QUARTA-FEIRA | C27: =ITAPIPOCA!O50 -> 816.83042 | E27: QUARTA-FEIRA | F27: =ITAPIPOCA!R50 -> 816.83042 | H27: QUARTA-FEIRA | I27: =ITAPIPOCA!U50
B28: QUINTA-FEIRA | C28: =ITAPIPOCA!O51 -> 1528.5557 | E28: QUINTA-FEIRA | F28: =ITAPIPOCA!R51 -> 1528.5557 | H28: QUINTA-FEIRA | I28: =ITAPIPOCA!U51
B29: SEXTA-FEIRA | C29: =ITAPIPOCA!O52 -> 2893.2242 | E29: SEXTA-FEIRA | F29: =ITAPIPOCA!R52 | H29: SEXTA-FEIRA | I29: =ITAPIPOCA!U52
B30: SÁBADO | C30: =ITAPIPOCA!O53 -> 1428.2074 | E30: SÁBADO | F30: =ITAPIPOCA!R53 | H30: SÁBADO | I30: =ITAPIPOCA!U53
B32: TOTAL | C32: =SUM(C25:C30) -> 9413.6535 | E32: TOTAL | F32: =SUM(F25:F30) -> 5092.2219 | H32: TOTAL | I32: =SUM(I25:I30) -> 0
H33: TOTAL DO MÊS | I33: =C21+F21+I21+C32+F32+I32 -> 40000
B35: TOP 1
B36: TOP 1 | C36: =H57 -> TOTAL
B37: SEMANA 1 | E37: SEMANA 2 | H37: SEMANA 3
B38: DOMINGO | C38: =ITAPIPOCA!Y36 | E38: DOMINGO | F38: =ITAPIPOCA!AB36 | H38: DOMINGO | I38: =ITAPIPOCA!AE36 -> 0
B39: SEGUNDA-FEIRA | C39: =ITAPIPOCA!Y37 | E39: SEGUNDA-FEIRA | F39: =ITAPIPOCA!AB37 -> 1829.1474 | H39: SEGUNDA-FEIRA | I39: =ITAPIPOCA!AE37 -> 1829.1474
B40: TERÇA-FEIRA | C40: =ITAPIPOCA!Y38 | E40: TERÇA-FEIRA | F40: =ITAPIPOCA!AB38 -> 1604.3973 | H40: TERÇA-FEIRA | I40: =ITAPIPOCA!AE38 -> 1604.3973
B41: QUARTA-FEIRA | C41: =ITAPIPOCA!Y39 -> 1021.038 | E41: QUARTA-FEIRA | F41: =ITAPIPOCA!AB39 -> 1021.038 | H41: QUARTA-FEIRA | I41: =ITAPIPOCA!AE39 -> 1021.038
B42: QUINTA-FEIRA | C42: =ITAPIPOCA!Y40 -> 1910.6946 | E42: QUINTA-FEIRA | F42: =ITAPIPOCA!AB40 -> 1910.6946 | H42: QUINTA-FEIRA | I42: =ITAPIPOCA!AE40 -> 1910.6946
B43: SEXTA-FEIRA | C43: =ITAPIPOCA!Y41 -> 3616.5303 | E43: SEXTA-FEIRA | F43: =ITAPIPOCA!AB41 -> 3616.5303 | H43: SEXTA-FEIRA | I43: =ITAPIPOCA!AE41 -> 3616.5303
B44: SÁBADO | C44: =ITAPIPOCA!Y42 -> 1785.2592 | E44: SÁBADO | F44: =ITAPIPOCA!AB42 -> 1785.2592 | H44: SÁBADO | I44: =ITAPIPOCA!AE42 -> 1785.2592
B46: TOTAL | C46: =SUM(C39:C44) -> 8333.5221 | E46: TOTAL | F46: =SUM(F39:F44) -> 11767.067 | H46: TOTAL | I46: =SUM(I39:I44) -> 11767.067
B48: SEMANA 4 | E48: SEMANA 5 | H48: SEMANA 6
B49: DOMINGO | C49: =ITAPIPOCA!Y47 -> 0 | E49: DOMINGO | F49: =ITAPIPOCA!AB47 | H49: DOMINGO | I49: =ITAPIPOCA!AE47
B50: SEGUNDA-FEIRA | C50: =ITAPIPOCA!Y48 -> 1829.1474 | E50: SEGUNDA-FEIRA | F50: =ITAPIPOCA!AB48 -> 1829.1474 | H50: SEGUNDA-FEIRA | I50: =ITAPIPOCA!AE48
B51: TERÇA-FEIRA | C51: =ITAPIPOCA!Y49 -> 1604.3973 | E51: TERÇA-FEIRA | F51: =ITAPIPOCA!AB49 -> 1604.3973 | H51: TERÇA-FEIRA | I51: =ITAPIPOCA!AE49
B52: QUARTA-FEIRA | C52: =ITAPIPOCA!Y50 -> 1021.038 | E52: QUARTA-FEIRA | F52: =ITAPIPOCA!AB50 -> 1021.038 | H52: QUARTA-FEIRA | I52: =ITAPIPOCA!AE50
B53: QUINTA-FEIRA | C53: =ITAPIPOCA!Y51 -> 1910.6946 | E53: QUINTA-FEIRA | F53: =ITAPIPOCA!AB51 -> 1910.6946 | H53: QUINTA-FEIRA | I53: =ITAPIPOCA!AE51
B54: SEXTA-FEIRA | C54: =ITAPIPOCA!Y52 -> 3616.5303 | E54: SEXTA-FEIRA | F54: =ITAPIPOCA!AB52 | H54: SEXTA-FEIRA | I54: =ITAPIPOCA!AE52
B55: SÁBADO | C55: =ITAPIPOCA!Y53 -> 1785.2592 | E55: SÁBADO | F55: =ITAPIPOCA!AB53 | H55: SÁBADO | I55: =ITAPIPOCA!AE53
B57: TOTAL | C57: =SUM(C50:C55) -> 11767.067 | E57: TOTAL | F57: =SUM(F50:F55) -> 6365.2773 | H57: TOTAL | I57: =SUM(I50:I55) -> 0
H58: TOTAL DO MÊS | I58: =C46+F46+I46+C57+F57+I57 -> 50000
B60: TOP 2
B61: TOP 2 | C61: =H82 -> TOTAL
B62: SEMANA 1 | E62: SEMANA 2 | H62: SEMANA 3
B63: DOMINGO | C63: =ITAPIPOCA!AI36 | E63: DOMINGO | F63: =ITAPIPOCA!AL36 | H63: DOMINGO | I63: =ITAPIPOCA!AO36 -> 0
B64: SEGUNDA-FEIRA | C64: =ITAPIPOCA!AI37 | E64: SEGUNDA-FEIRA | F64: =ITAPIPOCA!AL37 -> 2194.9769 | H64: SEGUNDA-FEIRA | I64: =ITAPIPOCA!AO37 -> 2194.9769
B65: TERÇA-FEIRA | C65: =ITAPIPOCA!AI38 | E65: TERÇA-FEIRA | F65: =ITAPIPOCA!AL38 -> 1925.2768 | H65: TERÇA-FEIRA | I65: =ITAPIPOCA!AO38 -> 1925.2768
B66: QUARTA-FEIRA | C66: =ITAPIPOCA!AI39 -> 1225.2456 | E66: QUARTA-FEIRA | F66: =ITAPIPOCA!AL39 -> 1225.2456 | H66: QUARTA-FEIRA | I66: =ITAPIPOCA!AO39 -> 1225.2456
B67: QUINTA-FEIRA | C67: =ITAPIPOCA!AI40 -> 2292.8335 | E67: QUINTA-FEIRA | F67: =ITAPIPOCA!AL40 -> 2292.8335 | H67: QUINTA-FEIRA | I67: =ITAPIPOCA!AO40 -> 2292.8335
B68: SEXTA-FEIRA | C68: =ITAPIPOCA!AI41 -> 4339.8363 | E68: SEXTA-FEIRA | F68: =ITAPIPOCA!AL41 -> 4339.8363 | H68: SEXTA-FEIRA | I68: =ITAPIPOCA!AO41 -> 4339.8363
B69: SÁBADO | C69: =ITAPIPOCA!AI42 -> 2142.3111 | E69: SÁBADO | F69: =ITAPIPOCA!AL42 -> 2142.3111 | H69: SÁBADO | I69: =ITAPIPOCA!AO42 -> 2142.3111
B71: TOTAL | C71: =SUM(C64:C69) -> 10000.227 | E71: TOTAL | F71: =SUM(F64:F69) -> 14120.48 | H71: TOTAL | I71: =SUM(I64:I69) -> 14120.48
B73: SEMANA 4 | E73: SEMANA 5 | H73: SEMANA 6
B74: DOMINGO | C74: =ITAPIPOCA!AI47 -> 0 | E74: DOMINGO | F74: =ITAPIPOCA!AL47 | H74: DOMINGO | I74: =ITAPIPOCA!AO47
B75: SEGUNDA-FEIRA | C75: =ITAPIPOCA!AI48 -> 2194.9769 | E75: SEGUNDA-FEIRA | F75: =ITAPIPOCA!AL48 -> 2194.9769 | H75: SEGUNDA-FEIRA | I75: =ITAPIPOCA!AO48
B76: TERÇA-FEIRA | C76: =ITAPIPOCA!AI49 -> 1925.2768 | E76: TERÇA-FEIRA | F76: =ITAPIPOCA!AL49 -> 1925.2768 | H76: TERÇA-FEIRA | I76: =ITAPIPOCA!AO49
B77: QUARTA-FEIRA | C77: =ITAPIPOCA!AI50 -> 1225.2456 | E77: QUARTA-FEIRA | F77: =ITAPIPOCA!AL50 -> 1225.2456 | H77: QUARTA-FEIRA | I77: =ITAPIPOCA!AO50
B78: QUINTA-FEIRA | C78: =ITAPIPOCA!AI51 -> 2292.8335 | E78: QUINTA-FEIRA | F78: =ITAPIPOCA!AL51 -> 2292.8335 | H78: QUINTA-FEIRA | I78: =ITAPIPOCA!AO51
B79: SEXTA-FEIRA | C79: =ITAPIPOCA!AI52 -> 4339.8363 | E79: SEXTA-FEIRA | F79: =ITAPIPOCA!AL52 | H79: SEXTA-FEIRA | I79: =ITAPIPOCA!AO52
B80: SÁBADO | C80: =ITAPIPOCA!AI53 -> 2142.3111 | E80: SÁBADO | F80: =ITAPIPOCA!AL53 | H80: SÁBADO | I80: =ITAPIPOCA!AO53
B82: TOTAL | C82: =SUM(C75:C80) -> 14120.48 | E82: TOTAL | F82: =SUM(F75:F80) -> 7638.3328 | H82: TOTAL | I82: =SUM(I75:I80) -> 0
H83: TOTAL DO MÊS | I83: =C71+F71+I71+C82+F82+I82 -> 60000
B84: MASTER
B85: MASTER | C85: =H106 -> TOTAL
B86: SEMANA 1 | E86: SEMANA 2 | H86: SEMANA 3
B87: DOMINGO | C87: =ITAPIPOCA!AS36 | E87: DOMINGO | F87: =ITAPIPOCA!AV36 | H87: DOMINGO | I87: =ITAPIPOCA!AY36 -> 0
B88: SEGUNDA-FEIRA | C88: =ITAPIPOCA!AS37 | E88: SEGUNDA-FEIRA | F88: =ITAPIPOCA!AV37 -> 2926.6359 | H88: SEGUNDA-FEIRA | I88: =ITAPIPOCA!AY37 -> 2926.6359
B89: TERÇA-FEIRA | C89: =ITAPIPOCA!AS38 | E89: TERÇA-FEIRA | F89: =ITAPIPOCA!AV38 -> 2567.0357 | H89: TERÇA-FEIRA | I89: =ITAPIPOCA!AY38 -> 2567.0357
B90: QUARTA-FEIRA | C90: =ITAPIPOCA!AS39 -> 1633.6608 | E90: QUARTA-FEIRA | F90: =ITAPIPOCA!AV39 -> 1633.6608 | H90: QUARTA-FEIRA | I90: =ITAPIPOCA!AY39 -> 1633.6608
B91: QUINTA-FEIRA | C91: =ITAPIPOCA!AS40 -> 3057.1113 | E91: QUINTA-FEIRA | F91: =ITAPIPOCA!AV40 -> 3057.1113 | H91: QUINTA-FEIRA | I91: =ITAPIPOCA!AY40 -> 3057.1113
B92: SEXTA-FEIRA | C92: =ITAPIPOCA!AS41 -> 5786.4485 | E92: SEXTA-FEIRA | F92: =ITAPIPOCA!AV41 -> 5786.4485 | H92: SEXTA-FEIRA | I92: =ITAPIPOCA!AY41 -> 5786.4485
B93: SÁBADO | C93: =ITAPIPOCA!AS42 -> 2856.4148 | E93: SÁBADO | F93: =ITAPIPOCA!AV42 -> 2856.4148 | H93: SÁBADO | I93: =ITAPIPOCA!AY42 -> 2856.4148
B95: TOTAL | C95: =SUM(C88:C93) -> 13333.635 | E95: TOTAL | F95: =SUM(F88:F93) -> 18827.307 | H95: TOTAL | I95: =SUM(I88:I93) -> 18827.307
B97: SEMANA 4 | E97: SEMANA 5 | H97: SEMANA 6
B98: DOMINGO | C98: =ITAPIPOCA!AS47 -> 0 | E98: DOMINGO | F98: =ITAPIPOCA!AV47 | H98: DOMINGO | I98: =ITAPIPOCA!AY47
B99: SEGUNDA-FEIRA | C99: =ITAPIPOCA!AS48 -> 2926.6359 | E99: SEGUNDA-FEIRA | F99: =ITAPIPOCA!AV48 -> 2926.6359 | H99: SEGUNDA-FEIRA | I99: =ITAPIPOCA!AY48
B100: TERÇA-FEIRA | C100: =ITAPIPOCA!AS49 -> 2567.0357 | E100: TERÇA-FEIRA | F100: =ITAPIPOCA!AV49 -> 2567.0357 | H100: TERÇA-FEIRA | I100: =ITAPIPOCA!AY49
B101: QUARTA-FEIRA | C101: =ITAPIPOCA!AS50 -> 1633.6608 | E101: QUARTA-FEIRA | F101: =ITAPIPOCA!AV50 -> 1633.6608 | H101: QUARTA-FEIRA | I101: =ITAPIPOCA!AY50
B102: QUINTA-FEIRA | C102: =ITAPIPOCA!AS51 -> 3057.1113 | E102: QUINTA-FEIRA | F102: =ITAPIPOCA!AV51 -> 3057.1113 | H102: QUINTA-FEIRA | I102: =ITAPIPOCA!AY51
B103: SEXTA-FEIRA | C103: =ITAPIPOCA!AS52 -> 5786.4485 | E103: SEXTA-FEIRA | F103: =ITAPIPOCA!AV52 | H103: SEXTA-FEIRA | I103: =ITAPIPOCA!AY52
B104: SÁBADO | C104: =ITAPIPOCA!AS53 -> 2856.4148 | E104: SÁBADO | F104: =ITAPIPOCA!AV53 | H104: SÁBADO | I104: =ITAPIPOCA!AY53
B106: TOTAL | C106: =SUM(C99:C104) -> 18827.307 | E106: TOTAL | F106: =SUM(F99:F104) -> 10184.444 | H106: TOTAL | I106: =SUM(I99:I104) -> 0
H107: TOTAL DO MÊS | I107: =C95+F95+I95+C106+F106+I106 -> 80000

Sheet METAS -  SOBRAL (P VENDEDOR)
B2: CENÁRIO 1
B3: MÍNIMA | C3: =H22 -> 110000
B4: SEMANA 1 | E4: SEMANA 2 | H4: SEMANA 3
B5: SEGUNDA-FEIRA | E5: SEGUNDA-FEIRA | F5: 1996.5956 | H5: SEGUNDA-FEIRA | I5: 1996.5956
B6: TERÇA-FEIRA | E6: TERÇA-FEIRA | F6: 3171.2935 | H6: TERÇA-FEIRA | I6: 3171.2935
B7: QUARTA-FEIRA | E7: QUARTA-FEIRA | F7: 3430.6474 | H7: QUARTA-FEIRA | I7: 3430.6474
B8: QUINTA-FEIRA | C8: 5310.086 | E8: QUINTA-FEIRA | F8: 5310.086 | H8: QUINTA-FEIRA | I8: 5310.086
B9: SEXTA-FEIRA | C9: 4632.6457 | E9: SEXTA-FEIRA | F9: 4632.6457 | H9: SEXTA-FEIRA | I9: 4632.6457
B10: SÁBADO | C10: 5301.2718 | E10: SÁBADO | F10: 5301.2718 | H10: SÁBADO | I10: 5301.2718
B12: TOTAL | C12: =SUM(C5:C10) -> 15244.003 | E12: TOTAL | F12: =SUM(F5:F10) -> 23842.54 | H12: TOTAL | I12: =SUM(I5:I10) -> 23842.54
B14: SEMANA 4 | E14: SEMANA 5
B15: SEGUNDA-FEIRA | C15: 1996.5956 | E15: SEGUNDA-FEIRA | F15: 1996.5956
B16: TERÇA-FEIRA | C16: 3171.2935 | E16: TERÇA-FEIRA | F16: 3171.2935
B17: QUARTA-FEIRA | C17: 3430.6474 | E17: QUARTA-FEIRA | F17: 3430.6474
B18: QUINTA-FEIRA | C18: 5310.086 | E18: QUINTA-FEIRA | F18: 5310.086
B19: SEXTA-FEIRA | C19: 4632.6457 | E19: SEXTA-FEIRA | F19: 4632.6457
B20: SÁBADO | C20: 5301.2718 | E20: SÁBADO | F20: =5301.27182076037-614.16 -> 4687.1118
H21: TOTAL DO MÊS
B22: TOTAL | C22: =SUM(C15:C20) -> 23842.54 | E22: TOTAL | F22: =SUM(F15:F20) -> 23228.38 | H22: =F22+C22+C12+F12+I12 -> 110000
B24: CENÁRIO 2
B25: TOP 1 | C25: =H44*3 -> #VALUE!
B26: SEMANA 1 | E26: SEMANA 2 | H26: SEMANA 3
B27: SEGUNDA-FEIRA | C27: ='METAS - ITAPIPOCA'!C39/2 -> #VALUE! | E27: SEGUNDA-FEIRA | F27: ='METAS - ITAPIPOCA'!F39/3 -> 609.71581 | H27: SEGUNDA-FEIRA | I27: ='METAS - ITAPIPOCA'!I39/3 -> 609.71581
B28: TERÇA-FEIRA | C28: ='METAS - ITAPIPOCA'!C40/2 -> #VALUE! | E28: TERÇA-FEIRA | F28: ='METAS - ITAPIPOCA'!F40/3 -> 534.79911 | H28: TERÇA-FEIRA | I28: ='METAS - ITAPIPOCA'!I40/3 -> 534.79911
B29: QUARTA-FEIRA | C29: ='METAS - ITAPIPOCA'!C41/2 -> 510.51901 | E29: QUARTA-FEIRA | F29: ='METAS - ITAPIPOCA'!F41/3 -> 340.34601 | H29: QUARTA-FEIRA | I29: ='METAS - ITAPIPOCA'!I41/3 -> 340.34601
B30: QUINTA-FEIRA | C30: ='METAS - ITAPIPOCA'!C42/3 -> 636.89819 | E30: QUINTA-FEIRA | F30: ='METAS - ITAPIPOCA'!F42/3 -> 636.89819 | H30: QUINTA-FEIRA | I30: ='METAS - ITAPIPOCA'!I42/3 -> 636.89819
B31: SEXTA-FEIRA | C31: ='METAS - ITAPIPOCA'!C43/3 -> 1205.5101 | E31: SEXTA-FEIRA | F31: ='METAS - ITAPIPOCA'!F43/3 -> 1205.5101 | H31: SEXTA-FEIRA | I31: ='METAS - ITAPIPOCA'!I43/3 -> 1205.5101
B32: SÁBADO | C32: ='METAS - ITAPIPOCA'!C44/3 -> 595.08641 | E32: SÁBADO | F32: ='METAS - ITAPIPOCA'!F44/3 -> 595.08641 | H32: SÁBADO | I32: ='METAS - ITAPIPOCA'!I44/3 -> 595.08641
B34: TOTAL | C34: =SUM(C27:C32) -> #VALUE! | E34: TOTAL | F34: =SUM(F27:F32) -> 3922.3556 | H34: TOTAL | I34: =SUM(I27:I32) -> 3922.3556
B36: SEMANA 4 | E36: SEMANA 5
B37: SEGUNDA-FEIRA | C37: ='METAS - ITAPIPOCA'!C50/3 -> 609.71581 | E37: SEGUNDA-FEIRA | F37: ='METAS - ITAPIPOCA'!F50/3 -> 609.71581
B38: TERÇA-FEIRA | C38: ='METAS - ITAPIPOCA'!C51/3 -> 534.79911 | E38: TERÇA-FEIRA | F38: ='METAS - ITAPIPOCA'!F51/3 -> 534.79911
B39: QUARTA-FEIRA | C39: ='METAS - ITAPIPOCA'!C52/3 -> 340.34601 | E39: QUARTA-FEIRA | F39: ='METAS - ITAPIPOCA'!F52/3 -> 340.34601
B40: QUINTA-FEIRA | C40: ='METAS - ITAPIPOCA'!C53/3 -> 636.89819 | E40: QUINTA-FEIRA | F40: ='METAS - ITAPIPOCA'!F53/3 -> 636.89819
B41: SEXTA-FEIRA | C41: ='METAS - ITAPIPOCA'!C54/3 -> 1205.5101 | E41: SEXTA-FEIRA | F41: ='METAS - ITAPIPOCA'!F54/3 -> #VALUE!
B42: SÁBADO | C42: ='METAS - ITAPIPOCA'!C55/3 -> 595.08641 | E42: SÁBADO | F42: ='METAS - ITAPIPOCA'!F55/3 -> #VALUE!
H43: TOTAL DO MÊS
B44: TOTAL | C44: =SUM(C37:C42) -> 3922.3556 | E44: TOTAL | F44: =SUM(F37:F42) -> #VALUE! | H44: =F44+C44+C34+F34+I34 -> #VALUE!
B46: CENÁRIO 3
B47: TOP 2 | C47: =H66*3 -> #VALUE!
B48: SEMANA 1 | E48: SEMANA 2 | H48: SEMANA 3
B49: SEGUNDA-FEIRA | C49: ='METAS - ITAPIPOCA'!C64/2 -> #VALUE! | E49: SEGUNDA-FEIRA | F49: ='METAS - ITAPIPOCA'!F64/3 -> 731.65897 | H49: SEGUNDA-FEIRA | I49: ='METAS - ITAPIPOCA'!I64/3 -> 731.65897
B50: TERÇA-FEIRA | C50: ='METAS - ITAPIPOCA'!C65/2 -> #VALUE! | E50: TERÇA-FEIRA | F50: ='METAS - ITAPIPOCA'!F65/3 -> 641.75893 | H50: TERÇA-FEIRA | I50: ='METAS - ITAPIPOCA'!I65/3 -> 641.75893
B51: QUARTA-FEIRA | C51: ='METAS - ITAPIPOCA'!C66/2 -> 612.62282 | E51: QUARTA-FEIRA | F51: ='METAS - ITAPIPOCA'!F66/3 -> 408.41521 | H51: QUARTA-FEIRA | I51: ='METAS - ITAPIPOCA'!I66/3 -> 408.41521
B52: QUINTA-FEIRA | C52: ='METAS - ITAPIPOCA'!C67/3 -> 764.27783 | E52: QUINTA-FEIRA | F52: ='METAS - ITAPIPOCA'!F67/3 -> 764.27783 | H52: QUINTA-FEIRA | I52: ='METAS - ITAPIPOCA'!I67/3 -> 764.27783
B53: SEXTA-FEIRA | C53: ='METAS - ITAPIPOCA'!C68/3 -> 1446.6121 | E53: SEXTA-FEIRA | F53: ='METAS - ITAPIPOCA'!F68/3 -> 1446.6121 | H53: SEXTA-FEIRA | I53: ='METAS - ITAPIPOCA'!I68/3 -> 1446.6121
B54: SÁBADO | C54: ='METAS - ITAPIPOCA'!C69/3 -> 714.10369 | E54: SÁBADO | F54: ='METAS - ITAPIPOCA'!F69/3 -> 714.10369 | H54: SÁBADO | I54: ='METAS - ITAPIPOCA'!I69/3 -> 714.10369
B56: TOTAL | C56: =SUM(C49:C54) -> #VALUE! | E56: TOTAL | F56: =SUM(F49:F54) -> 4706.8267 | H56: TOTAL | I56: =SUM(I49:I54) -> 4706.8267
B58: SEMANA 4 | E58: SEMANA 5
B59: SEGUNDA-FEIRA | C59: ='METAS - ITAPIPOCA'!C75/3 -> 731.65897 | E59: SEGUNDA-FEIRA | F59: ='METAS - ITAPIPOCA'!F75/3 -> 731.65897
B60: TERÇA-FEIRA | C60: ='METAS - ITAPIPOCA'!C76/3 -> 641.75893 | E60: TERÇA-FEIRA | F60: ='METAS - ITAPIPOCA'!F76/3 -> 641.75893
B61: QUARTA-FEIRA | C61: ='METAS - ITAPIPOCA'!C77/3 -> 408.41521 | E61: QUARTA-FEIRA | F61: ='METAS - ITAPIPOCA'!F77/3 -> 408.41521
B62: QUINTA-FEIRA | C62: ='METAS - ITAPIPOCA'!C78/3 -> 764.27783 | E62: QUINTA-FEIRA | F62: ='METAS - ITAPIPOCA'!F78/3 -> 764.27783
B63: SEXTA-FEIRA | C63: ='METAS - ITAPIPOCA'!C79/3 -> 1446.6121 | E63: SEXTA-FEIRA | F63: ='METAS - ITAPIPOCA'!F79/3 -> #VALUE!
B64: SÁBADO | C64: ='METAS - ITAPIPOCA'!C80/3 -> 714.10369 | E64: SÁBADO | F64: ='METAS - ITAPIPOCA'!F80/3 -> #VALUE!
H65: TOTAL DO MÊS
B66: TOTAL | C66: =SUM(C59:C64) -> 4706.8267 | E66: TOTAL | F66: =SUM(F59:F64) -> #VALUE! | H66: =F66+C66+C56+F56+I56 -> #VALUE!
B68: CENÁRIO 4
B69: MASTER | C69: =H88*3 -> #VALUE!
B70: SEMANA 1 | E70: SEMANA 2 | H70: SEMANA 3
B71: SEGUNDA-FEIRA | C71: ='METAS - ITAPIPOCA'!C88/2 -> #VALUE! | E71: SEGUNDA-FEIRA | F71: ='METAS - ITAPIPOCA'!F88/3 -> 975.5453 | H71: SEGUNDA-FEIRA | I71: ='METAS - ITAPIPOCA'!I88/3 -> 975.5453
B72: TERÇA-FEIRA | C72: ='METAS - ITAPIPOCA'!C89/2 -> #VALUE! | E72: TERÇA-FEIRA | F72: ='METAS - ITAPIPOCA'!F89/3 -> 855.67857 | H72: TERÇA-FEIRA | I72: ='METAS - ITAPIPOCA'!I89/3 -> 855.67857
B73: QUARTA-FEIRA | C73: ='METAS - ITAPIPOCA'!C90/2 -> 816.83042 | E73: QUARTA-FEIRA | F73: ='METAS - ITAPIPOCA'!F90/3 -> 544.55361 | H73: QUARTA-FEIRA | I73: ='METAS - ITAPIPOCA'!I90/3 -> 544.55361
B74: QUINTA-FEIRA | C74: ='METAS - ITAPIPOCA'!C91/3 -> 1019.0371 | E74: QUINTA-FEIRA | F74: ='METAS - ITAPIPOCA'!F91/3 -> 1019.0371 | H74: QUINTA-FEIRA | I74: ='METAS - ITAPIPOCA'!I91/3 -> 1019.0371
B75: SEXTA-FEIRA | C75: ='METAS - ITAPIPOCA'!C92/3 -> 1928.8162 | E75: SEXTA-FEIRA | F75: ='METAS - ITAPIPOCA'!F92/3 -> 1928.8162 | H75: SEXTA-FEIRA | I75: ='METAS - ITAPIPOCA'!I92/3 -> 1928.8162
B76: SÁBADO | C76: ='METAS - ITAPIPOCA'!C93/3 -> 952.13825 | E76: SÁBADO | F76: ='METAS - ITAPIPOCA'!F93/3 -> 952.13825 | H76: SÁBADO | I76: ='METAS - ITAPIPOCA'!I93/3 -> 952.13825
B78: TOTAL | C78: =SUM(C71:C76) -> #VALUE! | E78: TOTAL | F78: =SUM(F71:F76) -> 6275.769 | H78: TOTAL | I78: =SUM(I71:I76) -> 6275.769
B80: SEMANA 4 | E80: SEMANA 5
B81: SEGUNDA-FEIRA | C81: ='METAS - ITAPIPOCA'!C99/3 -> 975.5453 | E81: SEGUNDA-FEIRA | F81: ='METAS - ITAPIPOCA'!F99/3 -> 975.5453
B82: TERÇA-FEIRA | C82: ='METAS - ITAPIPOCA'!C100/3 -> 855.67857 | E82: TERÇA-FEIRA | F82: ='METAS - ITAPIPOCA'!F100/3 -> 855.67857
B83: QUARTA-FEIRA | C83: ='METAS - ITAPIPOCA'!C101/3 -> 544.55361 | E83: QUARTA-FEIRA | F83: ='METAS - ITAPIPOCA'!F101/3 -> 544.55361
B84: QUINTA-FEIRA | C84: ='METAS - ITAPIPOCA'!C102/3 -> 1019.0371 | E84: QUINTA-FEIRA | F84: ='METAS - ITAPIPOCA'!F102/3 -> 1019.0371
B85: SEXTA-FEIRA | C85: ='METAS - ITAPIPOCA'!C103/3 -> 1928.8162 | E85: SEXTA-FEIRA | F85: ='METAS - ITAPIPOCA'!F103/3 -> #VALUE!
B86: SÁBADO | C86: ='METAS - ITAPIPOCA'!C104/3 -> 952.13825 | E86: SÁBADO | F86: ='METAS - ITAPIPOCA'!F104/3 -> #VALUE!
H87: TOTAL DO MÊS
B88: TOTAL | C88: =SUM(C81:C86) -> 6275.769 | E88: TOTAL | F88: =SUM(F81:F86) -> #VALUE! | H88: =F88+C88+C78+F78+I78 -> #VALUE!

Sheet VENDAS
I1: MÊS | J1: 4
I2: ANO | J2: 2026
L3: METAS POR DIA - DIFERENÇA | R3: VENDAS /SEMANA | Y3: VENDAS /SEMANA - ITAPIPOCA | AF3: Valores > 0 | AG3: Valores realizados sufientes para suprir a meta. O valor negativo significa a diferença superada na semana.
B4: CÓDIGO | C4: DATA | D4: DIA DA SEMANA | E4: VALOR REALIZADO | F4: SEMANA | G4: META MÍNIMA | H4: TOP 1 | I4: TOP 2 | J4: MASTER | L4: DATA | M4: META MÍNIMA | N4: TOP 1 | O4: TOP2 | P4: MASTER | R4: SEMANA | S4: VALOR REALIZADO | T4: META MÍNIMA | U4: TOP 1 | V4: TOP2 | W4: MASTER | Y4: SEMANA | Z4: VALOR REALIZADO | AA4: META MÍNIMA | AB4: TOP 1 | AC4: TOP2 | AD4: MASTER
B5: 1 | C5: =DATE($J$2,$J$1,B5) -> 46113 | D5: =UPPER(TEXT(C5,"dddd")) -> QUARTA-FEIRA | E5: 3532 | F5: ="Semana " & INT((DAY(C5)+WEEKDAY(DATE(YEAR(C5),MONTH(C5),1),1)-2)/7)+1 -> Semana 1 | G5: ='METAS - ITAPIPOCA'!C16 -> 816.83042 | H5: ='METAS - ITAPIPOCA'!C41 -> 1021.038 | I5: ='METAS - ITAPIPOCA'!C66 -> 1225.2456 | J5: ='METAS - ITAPIPOCA'!C90 -> 1633.6608 | L5: =C5 -> 46113 | M5: =$E$5-G5 -> 2715.1696 | N5: =$E$5-H5 -> 2510.962 | O5: =$E$5-I5 -> 2306.7544 | P5: =$E$5-J5 -> 1898.3392 | R5: Semana 1 | S5: =SUMIF($F$5:$F$43,R5,$E$5:$E$43) -> 15437 | T5: =SUM('METAS - ITAPIPOCA'!C14:C19) -> 6666.8177 | U5: =SUM('METAS - ITAPIPOCA'!C39:C44) -> 8333.5221 | V5: =SUM('METAS - ITAPIPOCA'!C64:C69) -> 10000.227 | W5: =SUM('METAS - ITAPIPOCA'!C88:C93) -> 13333.635 | Y5: 1 | Z5: =S5 -> 15437 | AA5: =$S$5-T5 -> 8770.1823 | AB5: =$S$5-U5 -> 7103.4779 | AC5: =$S$5-V5 -> 5436.7735 | AD5: =$S$5-W5 -> 2103.3646 | AF5: Valores < 0 | AG5: Valores realizados não sufientes para suprir a meta. O valor positivo significa a diferença não alcançada.
B6: 2 | C6: =DATE($J$2,$J$1,B6) -> 46114 | D6: =UPPER(TEXT(C6,"dddd")) -> QUINTA-FEIRA | E6: 7946 | F6: ="Semana " & INT((DAY(C6)+WEEKDAY(DATE(YEAR(C6),MONTH(C6),1),1)-2)/7)+1 -> Semana 1 | G6: ='METAS - ITAPIPOCA'!C17 -> 1528.5557 | H6: ='METAS - ITAPIPOCA'!C42 -> 1910.6946 | I6: ='METAS - ITAPIPOCA'!C67 -> 2292.8335 | J6: ='METAS - ITAPIPOCA'!C91 -> 3057.1113 | L6: =C6 -> 46114 | M6: =$E$6-G6 -> 6417.4443 | N6: =$E$6-H6 -> 6035.3054 | O6: =$E$6-I6 -> 5653.1665 | P6: =$E$6-J6 -> 4888.8887 | R6: Semana 2 | S6: =SUMIF($F$5:$F$43,R6,$E$5:$E$43) -> 38229 | T6: =SUM('METAS - ITAPIPOCA'!F14:F19) -> 9413.6535 | U6: =SUM('METAS - ITAPIPOCA'!F39:F44) -> 11767.067 | V6: =SUM('METAS - ITAPIPOCA'!F64:F69) -> 14120.48 | W6: =SUM('METAS - ITAPIPOCA'!F88:F93) -> 18827.307 | Y6: 2 | Z6: =S6 -> 38229 | AA6: =IF(Z6="","",$S$6-T6) -> 28815.347 | AB6: =IF(AA6="","",$S$6-U6) -> 26461.933 | AC6: =IF(AB6="","",$S$6-V6) -> 24108.52 | AD6: =IF(AC6="","",$S$6-W6) -> 19401.693
B7: 3 | C7: =DATE($J$2,$J$1,B7) -> 46115 | D7: =UPPER(TEXT(C7,"dddd")) -> SEXTA-FEIRA | F7: ="Semana " & INT((DAY(C7)+WEEKDAY(DATE(YEAR(C7),MONTH(C7),1),1)-2)/7)+1 -> Semana 1 | G7: ='METAS - ITAPIPOCA'!C18 -> 2893.2242 | H7: ='METAS - ITAPIPOCA'!C43 -> 3616.5303 | I7: ='METAS - ITAPIPOCA'!C68 -> 4339.8363 | J7: ='METAS - ITAPIPOCA'!C92 -> 5786.4485 | L7: =C7 -> 46115 | M7: =$E$7-G7 -> -2893.2242 | N7: =$E$7-H7 -> -3616.5303 | O7: =$E$7-I7 -> -4339.8363 | P7: =$E$7-J7 -> -5786.4485 | R7: Semana 3 | S7: =SUMIF($F$5:$F$43,R7,$E$5:$E$43) -> 23982 | T7: =SUM('METAS - ITAPIPOCA'!I14:I19) -> 9413.6535 | U7: =SUM('METAS - ITAPIPOCA'!I39:I44) -> 11767.067 | V7: =SUM('METAS - ITAPIPOCA'!I64:I69) -> 14120.48 | W7: =SUM('METAS - ITAPIPOCA'!I88:I93) -> 18827.307 | Y7: 3 | Z7: =S7 -> 23982 | AA7: =IF(Z7="","",$S$7-T7) -> 14568.347 | AB7: =IF(AA7="","",$S$7-U7) -> 12214.933 | AC7: =IF(AB7="","",$S$7-V7) -> 9861.5198 | AD7: =IF(AC7="","",$S$7-W7) -> 5154.693
B8: 4 | C8: =DATE($J$2,$J$1,B8) -> 46116 | D8: =UPPER(TEXT(C8,"dddd")) -> SÁBADO | E8: 3959 | F8: ="Semana " & INT((DAY(C8)+WEEKDAY(DATE(YEAR(C8),MONTH(C8),1),1)-2)/7)+1 -> Semana 1 | G8: ='METAS - ITAPIPOCA'!C19 -> 1428.2074 | H8: ='METAS - ITAPIPOCA'!C44 -> 1785.2592 | I8: ='METAS - ITAPIPOCA'!C69 -> 2142.3111 | J8: ='METAS - ITAPIPOCA'!C93 -> 2856.4148 | L8: =C8 -> 46116 | M8: =$E$8-G8 -> 2530.7926 | N8: =$E$8-H8 -> 2173.7408 | O8: =$E$8-I8 -> 1816.6889 | P8: =$E$8-J8 -> 1102.5852 | R8: Semana 4 | S8: =SUMIF($F$5:$F$43,R8,$E$5:$E$43) -> 15441 | T8: =SUM('METAS - ITAPIPOCA'!C25:C30) -> 9413.6535 | U8: =SUM('METAS - ITAPIPOCA'!C50:C55) -> 11767.067 | V8: =SUM('METAS - ITAPIPOCA'!C75:C80) -> 14120.48 | W8: =SUM('METAS - ITAPIPOCA'!C99:C104) -> 18827.307 | Y8: 4 | Z8: =S8 -> 15441 | AA8: =IF(Z8="","",$S$8-T8) -> 6027.3465 | AB8: =IF(AA8="","",$S$8-U8) -> 3673.9331 | AC8: =IF(AB8="","",$S$8-V8) -> 1320.5198 | AD8: =IF(AC8="","",$S$8-W8) -> -3386.307
B9: 5 | C9: =DATE($J$2,$J$1,B9) -> 46117 | D9: =UPPER(TEXT(C9,"dddd")) -> DOMINGO | F9: ="Semana " & INT((DAY(C9)+WEEKDAY(DATE(YEAR(C9),MONTH(C9),1),1)-2)/7)+1 -> Semana 2 | G9: ='METAS - ITAPIPOCA'!F13 | H9: ='METAS - ITAPIPOCA'!F38 | I9: ='METAS - ITAPIPOCA'!F63 | J9: ='METAS - ITAPIPOCA'!F87 | L9: =C9 -> 46117 | M9: =$E$9-G9 -> #VALUE! | N9: =$E$9-H9 -> #VALUE! | O9: =$E$9-I9 -> #VALUE! | P9: =$E$9-J9 -> #VALUE! | R9: Semana 5 | S9: =SUMIF($F$5:$F$43,R9,$E$5:$E$43) -> 8040 | T9: =SUM('METAS - ITAPIPOCA'!F25:F30) -> 5092.2219 | U9: =SUM('METAS - ITAPIPOCA'!F50:F55) -> 6365.2773 | V9: =SUM('METAS - ITAPIPOCA'!F75:F80) -> 7638.3328 | W9: =SUM('METAS - ITAPIPOCA'!F99:F104) -> 10184.444 | Y9: 5 | Z9: =S9 -> 8040 | AA9: =IF(Z9="","",$S$9-T9) -> 2947.7781 | AB9: =IF(AA9="","",$S$9-U9) -> 1674.7227 | AC9: =IF(AB9="","",$S$9-V9) -> 401.66719 | AD9: =IF(AC9="","",$S$9-W9) -> -2144.4438
B10: 6 | C10: =DATE($J$2,$J$1,B10) -> 46118 | D10: =UPPER(TEXT(C10,"dddd")) -> SEGUNDA-FEIRA | E10: 4814 | F10: ="Semana " & INT((DAY(C10)+WEEKDAY(DATE(YEAR(C10),MONTH(C10),1),1)-2)/7)+1 -> Semana 2 | G10: ='METAS - ITAPIPOCA'!F14 -> 1463.3179 | H10: ='METAS - ITAPIPOCA'!F39 -> 1829.1474 | I10: ='METAS - ITAPIPOCA'!F64 -> 2194.9769 | J10: ='METAS - ITAPIPOCA'!F88 -> 2926.6359 | L10: =C10 -> 46118 | M10: =E10-G10 -> 3350.6821 | N10: =$E$10-H10 -> 2984.8526 | O10: =$E$10-I10 -> 2619.0231 | P10: =$E$10-J10 -> 1887.3641
B11: 7 | C11: =DATE($J$2,$J$1,B11) -> 46119 | D11: =UPPER(TEXT(C11,"dddd")) -> TERÇA-FEIRA | E11: 3787 | F11: ="Semana " & INT((DAY(C11)+WEEKDAY(DATE(YEAR(C11),MONTH(C11),1),1)-2)/7)+1 -> Semana 2 | G11: ='METAS - ITAPIPOCA'!F15 -> 1283.5179 | H11: ='METAS - ITAPIPOCA'!F40 -> 1604.3973 | I11: ='METAS - ITAPIPOCA'!F65 -> 1925.2768 | J11: ='METAS - ITAPIPOCA'!F89 -> 2567.0357 | L11: =C11 -> 46119 | M11: =$E$11-G11 -> 2503.4821 | N11: =$E$11-H11 -> 2182.6027 | O11: =$E$11-I11 -> 1861.7232 | P11: =$E$11-J11 -> 1219.9643
B12: 8 | C12: =DATE($J$2,$J$1,B12) -> 46120 | D12: =UPPER(TEXT(C12,"dddd")) -> QUARTA-FEIRA | E12: 4045 | F12: ="Semana " & INT((DAY(C12)+WEEKDAY(DATE(YEAR(C12),MONTH(C12),1),1)-2)/7)+1 -> Semana 2 | G12: ='METAS - ITAPIPOCA'!F16 -> 816.83042 | H12: ='METAS - ITAPIPOCA'!F41 -> 1021.038 | I12: ='METAS - ITAPIPOCA'!F66 -> 1225.2456 | J12: ='METAS - ITAPIPOCA'!F90 -> 1633.6608 | L12: =C12 -> 46120 | M12: =E12-G12 -> 3228.1696 | N12: =$E$12-H12 -> 3023.962 | O12: =$E$12-I12 -> 2819.7544 | P12: =$E$12-J12 -> 2411.3392
B13: 9 | C13: =DATE($J$2,$J$1,B13) -> 46121 | D13: =UPPER(TEXT(C13,"dddd")) -> QUINTA-FEIRA | E13: 10087 | F13: ="Semana " & INT((DAY(C13)+WEEKDAY(DATE(YEAR(C13),MONTH(C13),1),1)-2)/7)+1 -> Semana 2 | G13: ='METAS - ITAPIPOCA'!F17 -> 1528.5557 | H13: ='METAS - ITAPIPOCA'!F42 -> 1910.6946 | I13: ='METAS - ITAPIPOCA'!F67 -> 2292.8335 | J13: ='METAS - ITAPIPOCA'!F91 -> 3057.1113 | L13: =C13 -> 46121 | M13: =E13-G13 -> 8558.4443 | N13: =$E$13-H13 -> 8176.3054 | O13: =$E$13-I13 -> 7794.1665 | P13: =$E$13-J13 -> 7029.8887
B14: 10 | C14: =DATE($J$2,$J$1,B14) -> 46122 | D14: =UPPER(TEXT(C14,"dddd")) -> SEXTA-FEIRA | E14: 8347 | F14: ="Semana " & INT((DAY(C14)+WEEKDAY(DATE(YEAR(C14),MONTH(C14),1),1)-2)/7)+1 -> Semana 2 | G14: ='METAS - ITAPIPOCA'!F18 -> 2893.2242 | H14: ='METAS - ITAPIPOCA'!F43 -> 3616.5303 | I14: ='METAS - ITAPIPOCA'!F68 -> 4339.8363 | J14: ='METAS - ITAPIPOCA'!F92 -> 5786.4485 | L14: =C14 -> 46122 | M14: =E14-G14 -> 5453.7758 | N14: =$E$14-H14 -> 4730.4697 | O14: =$E$14-I14 -> 4007.1637 | P14: =$E$14-J14 -> 2560.5515
B15: 11 | C15: =DATE($J$2,$J$1,B15) -> 46123 | D15: =UPPER(TEXT(C15,"dddd")) -> SÁBADO | E15: 7149 | F15: ="Semana " & INT((DAY(C15)+WEEKDAY(DATE(YEAR(C15),MONTH(C15),1),1)-2)/7)+1 -> Semana 2 | G15: ='METAS - ITAPIPOCA'!F19 -> 1428.2074 | H15: ='METAS - ITAPIPOCA'!F44 -> 1785.2592 | I15: ='METAS - ITAPIPOCA'!F69 -> 2142.3111 | J15: ='METAS - ITAPIPOCA'!F93 -> 2856.4148 | L15: =C15 -> 46123 | M15: =E15-G15 -> 5720.7926 | N15: =$E$15-H15 -> 5363.7408 | O15: =$E$15-I15 -> 5006.6889 | P15: =$E$15-J15 -> 4292.5852
B16: 12 | C16: =DATE($J$2,$J$1,B16) -> 46124 | D16: =UPPER(TEXT(C16,"dddd")) -> DOMINGO | F16: ="Semana " & INT((DAY(C16)+WEEKDAY(DATE(YEAR(C16),MONTH(C16),1),1)-2)/7)+1 -> Semana 3 | G16: ='METAS - ITAPIPOCA'!I13 -> 0 | H16: ='METAS - ITAPIPOCA'!I38 -> 0 | I16: ='METAS - ITAPIPOCA'!I63 -> 0 | J16: ='METAS - ITAPIPOCA'!I87 -> 0 | L16: =C16 -> 46124 | M16: =E16-G16 -> 0 | N16: =$E$16-H16 -> 0 | O16: =$E$16-I16 -> 0 | P16: =$E$16-J16 -> 0
B17: 13 | C17: =DATE($J$2,$J$1,B17) -> 46125 | D17: =UPPER(TEXT(C17,"dddd")) -> SEGUNDA-FEIRA | E17: 3039 | F17: ="Semana " & INT((DAY(C17)+WEEKDAY(DATE(YEAR(C17),MONTH(C17),1),1)-2)/7)+1 -> Semana 3 | G17: ='METAS - ITAPIPOCA'!I14 -> 1463.3179 | H17: ='METAS - ITAPIPOCA'!I39 -> 1829.1474 | I17: ='METAS - ITAPIPOCA'!I64 -> 2194.9769 | J17: ='METAS - ITAPIPOCA'!I88 -> 2926.6359 | L17: =C17 -> 46125 | M17: =E17-G17 -> 1575.6821 | N17: =$E$17-H17 -> 1209.8526 | O17: =$E$17-I17 -> 844.02308 | P17: =$E$17-J17 -> 112.3641
B18: 14 | C18: =DATE($J$2,$J$1,B18) -> 46126 | D18: =UPPER(TEXT(C18,"dddd")) -> TERÇA-FEIRA | E18: 1122 | F18: ="Semana " & INT((DAY(C18)+WEEKDAY(DATE(YEAR(C18),MONTH(C18),1),1)-2)/7)+1 -> Semana 3 | G18: ='METAS - ITAPIPOCA'!I15 -> 1283.5179 | H18: ='METAS - ITAPIPOCA'!I40 -> 1604.3973 | I18: ='METAS - ITAPIPOCA'!I65 -> 1925.2768 | J18: ='METAS - ITAPIPOCA'!I89 -> 2567.0357 | L18: =C18 -> 46126 | M18: =$E$18-G18 -> -161.51785 | N18: =$E$18-H18 -> -482.39732 | O18: =$E$18-I18 -> -803.27678 | P18: =$E$18-J18 -> -1445.0357
B19: 15 | C19: =DATE($J$2,$J$1,B19) -> 46127 | D19: =UPPER(TEXT(C19,"dddd")) -> QUARTA-FEIRA | E19: 3872 | F19: ="Semana " & INT((DAY(C19)+WEEKDAY(DATE(YEAR(C19),MONTH(C19),1),1)-2)/7)+1 -> Semana 3 | G19: ='METAS - ITAPIPOCA'!I16 -> 816.83042 | H19: ='METAS - ITAPIPOCA'!I41 -> 1021.038 | I19: ='METAS - ITAPIPOCA'!I66 -> 1225.2456 | J19: ='METAS - ITAPIPOCA'!I90 -> 1633.6608 | L19: =C19 -> 46127 | M19: =E19-G19 -> 3055.1696 | N19: =$E$19-H19 -> 2850.962 | O19: =$E$19-I19 -> 2646.7544 | P19: =$E$19-J19 -> 2238.3392
B20: 16 | C20: =DATE($J$2,$J$1,B20) -> 46128 | D20: =UPPER(TEXT(C20,"dddd")) -> QUINTA-FEIRA | E20: 4792 | F20: ="Semana " & INT((DAY(C20)+WEEKDAY(DATE(YEAR(C20),MONTH(C20),1),1)-2)/7)+1 -> Semana 3 | G20: ='METAS - ITAPIPOCA'!I17 -> 1528.5557 | H20: ='METAS - ITAPIPOCA'!I42 -> 1910.6946 | I20: ='METAS - ITAPIPOCA'!I67 -> 2292.8335 | J20: ='METAS - ITAPIPOCA'!I91 -> 3057.1113 | L20: =C20 -> 46128 | M20: =E20-G20 -> 3263.4443 | N20: =$E$20-H20 -> 2881.3054 | O20: =$E$20-I20 -> 2499.1665 | P20: =$E$20-J20 -> 1734.8887
B21: 17 | C21: =DATE($J$2,$J$1,B21) -> 46129 | D21: =UPPER(TEXT(C21,"dddd")) -> SEXTA-FEIRA | E21: 6008 | F21: ="Semana " & INT((DAY(C21)+WEEKDAY(DATE(YEAR(C21),MONTH(C21),1),1)-2)/7)+1 -> Semana 3 | G21: ='METAS - ITAPIPOCA'!I18 -> 2893.2242 | H21: ='METAS - ITAPIPOCA'!I43 -> 3616.5303 | I21: ='METAS - ITAPIPOCA'!I68 -> 4339.8363 | J21: ='METAS - ITAPIPOCA'!I92 -> 5786.4485 | L21: =C21 -> 46129 | M21: =E21-G21 -> 3114.7758 | N21: =$E$21-H21 -> 2391.4697 | O21: =$E$21-I21 -> 1668.1637 | P21: =$E$21-J21 -> 221.55155
B22: 18 | C22: =DATE($J$2,$J$1,B22) -> 46130 | D22: =UPPER(TEXT(C22,"dddd")) -> SÁBADO | E22: 5149 | F22: ="Semana " & INT((DAY(C22)+WEEKDAY(DATE(YEAR(C22),MONTH(C22),1),1)-2)/7)+1 -> Semana 3 | G22: ='METAS - ITAPIPOCA'!I19 -> 1428.2074 | H22: ='METAS - ITAPIPOCA'!I44 -> 1785.2592 | I22: ='METAS - ITAPIPOCA'!I69 -> 2142.3111 | J22: ='METAS - ITAPIPOCA'!I93 -> 2856.4148 | L22: =C22 -> 46130 | M22: =E22-G22 -> 3720.7926 | N22: =$E$22-H22 -> 3363.7408 | O22: =$E$22-I22 -> 3006.6889 | P22: =$E$22-J22 -> 2292.5852
B23: 19 | C23: =DATE($J$2,$J$1,B23) -> 46131 | D23: =UPPER(TEXT(C23,"dddd")) -> DOMINGO | F23: ="Semana " & INT((DAY(C23)+WEEKDAY(DATE(YEAR(C23),MONTH(C23),1),1)-2)/7)+1 -> Semana 4 | G23: ='METAS - ITAPIPOCA'!C24 -> 0 | H23: ='METAS - ITAPIPOCA'!C49 -> 0 | I23: ='METAS - ITAPIPOCA'!C74 -> 0 | J23: ='METAS - ITAPIPOCA'!C98 -> 0 | L23: =C23 -> 46131 | M23: =E23-G23 -> 0 | N23: =$E$23-H23 -> 0 | O23: =$E$23-I23 -> 0 | P23: =$E$23-J23 -> 0
B24: 20 | C24: =DATE($J$2,$J$1,B24) -> 46132 | D24: =UPPER(TEXT(C24,"dddd")) -> SEGUNDA-FEIRA | E24: 3058 | F24: ="Semana " & INT((DAY(C24)+WEEKDAY(DATE(YEAR(C24),MONTH(C24),1),1)-2)/7)+1 -> Semana 4 | G24: ='METAS - ITAPIPOCA'!C25 -> 1463.3179 | H24: ='METAS - ITAPIPOCA'!C50 -> 1829.1474 | I24: ='METAS - ITAPIPOCA'!C75 -> 2194.9769 | J24: ='METAS - ITAPIPOCA'!C99 -> 2926.6359 | L24: =C24 -> 46132 | M24: =E24-G24 -> 1594.6821 | N24: =$E$24-H24 -> 1228.8526 | O24: =$E$24-I24 -> 863.02308 | P24: =$E$24-J24 -> 131.3641
B25: 21 | C25: =DATE($J$2,$J$1,B25) -> 46133 | D25: =UPPER(TEXT(C25,"dddd")) -> TERÇA-FEIRA | F25: ="Semana " & INT((DAY(C25)+WEEKDAY(DATE(YEAR(C25),MONTH(C25),1),1)-2)/7)+1 -> Semana 4 | G25: ='METAS - ITAPIPOCA'!C26 -> 1283.5179 | H25: ='METAS - ITAPIPOCA'!C51 -> 1604.3973 | I25: ='METAS - ITAPIPOCA'!C76 -> 1925.2768 | J25: ='METAS - ITAPIPOCA'!C100 -> 2567.0357 | L25: =C25 -> 46133 | M25: =$E$25-G25 -> -1283.5179 | N25: =$E$25-H25 -> -1604.3973 | O25: =$E$25-I25 -> -1925.2768 | P25: =$E$25-J25 -> -2567.0357
B26: 22 | C26: =DATE($J$2,$J$1,B26) -> 46134 | D26: =UPPER(TEXT(C26,"dddd")) -> QUARTA-FEIRA | E26: 3068 | F26: ="Semana " & INT((DAY(C26)+WEEKDAY(DATE(YEAR(C26),MONTH(C26),1),1)-2)/7)+1 -> Semana 4 | G26: ='METAS - ITAPIPOCA'!C27 -> 816.83042 | H26: ='METAS - ITAPIPOCA'!C52 -> 1021.038 | I26: ='METAS - ITAPIPOCA'!C77 -> 1225.2456 | J26: ='METAS - ITAPIPOCA'!C101 -> 1633.6608 | L26: =C26 -> 46134 | M26: =E26-G26 -> 2251.1696 | N26: =$E$26-H26 -> 2046.962 | O26: =$E$26-I26 -> 1842.7544 | P26: =$E$26-J26 -> 1434.3392
B27: 23 | C27: =DATE($J$2,$J$1,B27) -> 46135 | D27: =UPPER(TEXT(C27,"dddd")) -> QUINTA-FEIRA | E27: 3403 | F27: ="Semana " & INT((DAY(C27)+WEEKDAY(DATE(YEAR(C27),MONTH(C27),1),1)-2)/7)+1 -> Semana 4 | G27: ='METAS - ITAPIPOCA'!C28 -> 1528.5557 | H27: ='METAS - ITAPIPOCA'!C53 -> 1910.6946 | I27: ='METAS - ITAPIPOCA'!C78 -> 2292.8335 | J27: ='METAS - ITAPIPOCA'!C102 -> 3057.1113 | L27: =C27 -> 46135 | M27: =E27-G27 -> 1874.4443 | N27: =$E$27-H27 -> 1492.3054 | O27: =$E$27-I27 -> 1110.1665 | P27: =$E$27-J27 -> 345.88869
B28: 24 | C28: =DATE($J$2,$J$1,B28) -> 46136 | D28: =UPPER(TEXT(C28,"dddd")) -> SEXTA-FEIRA | E28: 2895 | F28: ="Semana " & INT((DAY(C28)+WEEKDAY(DATE(YEAR(C28),MONTH(C28),1),1)-2)/7)+1 -> Semana 4 | G28: ='METAS - ITAPIPOCA'!C29 -> 2893.2242 | H28: ='METAS - ITAPIPOCA'!C54 -> 3616.5303 | I28: ='METAS - ITAPIPOCA'!C79 -> 4339.8363 | J28: ='METAS - ITAPIPOCA'!C103 -> 5786.4485 | L28: =C28 -> 46136 | M28: =E28-G28 -> 1.7757737 | N28: =$E$28-H28 -> -721.53028 | O28: =$E$28-I28 -> -1444.8363 | P28: =$E$28-J28 -> -2891.4485
B29: 25 | C29: =DATE($J$2,$J$1,B29) -> 46137 | D29: =UPPER(TEXT(C29,"dddd")) -> SÁBADO | E29: 3017 | F29: ="Semana " & INT((DAY(C29)+WEEKDAY(DATE(YEAR(C29),MONTH(C29),1),1)-2)/7)+1 -> Semana 4 | G29: ='METAS - ITAPIPOCA'!C30 -> 1428.2074 | H29: ='METAS - ITAPIPOCA'!C55 -> 1785.2592 | I29: ='METAS - ITAPIPOCA'!C80 -> 2142.3111 | J29: ='METAS - ITAPIPOCA'!C104 -> 2856.4148 | L29: =C29 -> 46137 | M29: =E29-G29 -> 1588.7926 | N29: =E29-H29 -> 1231.7408 | O29: =E29-I29 -> 874.68893 | P29: =E29-J29 -> 160.58524
B30: 26 | C30: =DATE($J$2,$J$1,B30) -> 46138 | D30: =UPPER(TEXT(C30,"dddd")) -> DOMINGO | F30: ="Semana " & INT((DAY(C30)+WEEKDAY(DATE(YEAR(C30),MONTH(C30),1),1)-2)/7)+1 -> Semana 5 | G30: ='METAS - ITAPIPOCA'!F24 -> 0 | H30: ='METAS - ITAPIPOCA'!F49 | I30: ='METAS - ITAPIPOCA'!F74 | J30: ='METAS - ITAPIPOCA'!F98 | L30: =C30 -> 46138 | M30: =E30-G30 -> 0 | N30: =E30-H30 -> #VALUE! | O30: =E30-I30 -> #VALUE! | P30: =E30-J30 -> #VALUE!
B31: 27 | C31: =DATE($J$2,$J$1,B31) -> 46139 | D31: =UPPER(TEXT(C31,"dddd")) -> SEGUNDA-FEIRA | E31: 2053 | F31: ="Semana " & INT((DAY(C31)+WEEKDAY(DATE(YEAR(C31),MONTH(C31),1),1)-2)/7)+1 -> Semana 5 | G31: ='METAS - ITAPIPOCA'!F25 -> 1463.3179 | H31: ='METAS - ITAPIPOCA'!F50 -> 1829.1474 | I31: ='METAS - ITAPIPOCA'!F75 -> 2194.9769 | J31: ='METAS - ITAPIPOCA'!F99 -> 2926.6359 | L31: =C31 -> 46139 | M31: =E31-G31 -> 589.68205 | N31: =E31-H31 -> 223.85256 | O31: =E31-I31 -> -141.97692 | P31: =E31-J31 -> -873.6359
B32: 28 | C32: =DATE($J$2,$J$1,B32) -> 46140 | D32: =UPPER(TEXT(C32,"dddd")) -> TERÇA-FEIRA | E32: 1289 | F32: ="Semana " & INT((DAY(C32)+WEEKDAY(DATE(YEAR(C32),MONTH(C32),1),1)-2)/7)+1 -> Semana 5 | G32: ='METAS - ITAPIPOCA'!F26 -> 1283.5179 | H32: ='METAS - ITAPIPOCA'!F51 -> 1604.3973 | I32: ='METAS - ITAPIPOCA'!F76 -> 1925.2768 | J32: ='METAS - ITAPIPOCA'!F100 -> 2567.0357 | L32: =C32 -> 46140 | M32: =E32-G32 -> 5.4821474 | N32: =E32-H32 -> -315.39732 | O32: =E32-I32 -> -636.27678 | P32: =E32-J32 -> -1278.0357
B33: 29 | C33: =DATE($J$2,$J$1,B33) -> 46141 | D33: =UPPER(TEXT(C33,"dddd")) -> QUARTA-FEIRA | E33: 1597 | F33: ="Semana " & INT((DAY(C33)+WEEKDAY(DATE(YEAR(C33),MONTH(C33),1),1)-2)/7)+1 -> Semana 5 | G33: ='METAS - ITAPIPOCA'!F27 -> 816.83042 | H33: ='METAS - ITAPIPOCA'!F52 -> 1021.038 | I33: ='METAS - ITAPIPOCA'!F77 -> 1225.2456 | J33: ='METAS - ITAPIPOCA'!F101 -> 1633.6608 | L33: =C33 -> 46141 | M33: =E33-G33 -> 780.16958 | N33: =E33-H33 -> 575.96197 | O33: =E33-I33 -> 371.75437 | P33: =E33-J33 -> -36.660843
B34: 30 | C34: =DATE($J$2,$J$1,B34) -> 46142 | D34: =UPPER(TEXT(C34,"dddd")) -> QUINTA-FEIRA | E34: 3101 | F34: ="Semana " & INT((DAY(C34)+WEEKDAY(DATE(YEAR(C34),MONTH(C34),1),1)-2)/7)+1 -> Semana 5 | G34: ='METAS - ITAPIPOCA'!F28 -> 1528.5557 | H34: ='METAS - ITAPIPOCA'!F53 -> 1910.6946 | I34: ='METAS - ITAPIPOCA'!F78 -> 2292.8335 | J34: ='METAS - ITAPIPOCA'!F102 -> 3057.1113 | L34: =C34 -> 46142 | M34: =E34-G34 -> 1572.4443 | N34: =E34-H34 -> 1190.3054 | O34: =E34-I34 -> 808.16652 | P34: =E34-J34 -> 43.888694
B35: 31 | C35: =DATE($J$2,$J$1,B35) -> 46143 | D35: =UPPER(TEXT(C35,"dddd")) -> SEXTA-FEIRA | F35: ="Semana " & INT((DAY(C35)+WEEKDAY(DATE(YEAR(C35),MONTH(C35),1),1)-2)/7)+1 -> Semana 1 | L35: =C35 -> 46143 | M35: =E35-G35 -> 0 | N35: =E35-H35 -> 0 | O35: =E35-I35 -> 0 | P35: =E35-J35 -> 0
C36: Total | E36: =SUBTOTAL(109,Tabela37[VALOR REALIZADO]) -> 101129 | G36: =SUBTOTAL(109,Tabela37[META MÍNIMA]) -> 40000 | H36: =SUBTOTAL(109,Tabela37[TOP 1]) -> 50000 | I36: =SUBTOTAL(109,Tabela37[TOP 2]) -> 60000 | J36: =SUBTOTAL(109,Tabela37[MASTER]) -> 80000

Sheet Planilha5
D3: DIA DA SEMANA | E3: VALOR | F3: %
D4: DOMINGO | E4: 0 | F4: 0
D5: SEGUNDA-FEIRA | E5: 4332 | F5: 0.076795711
D6: TERÇA-FEIRA | E6: 7344 | F6: 0.13019107
D7: QUARTA-FEIRA | E7: 8009 | F7: 0.14197988
D8: QUINTA-FEIRA | E8: 12828 | F8: 0.22740891
D9: SEXTA-FEIRA | E9: 11091 | F9: 0.19661617
D10: SÁBADO | E10: 12805.4 | F10: 0.22700826
D11: Total Geral | E11: 56409.4 | F11: 1

Sheet Folha1

Sheet RESUMO
B18: DIA DA SEMANA | C18: VENDA | D18: %
B19: SEGUNDA-FEIRA | C19: =SUMIF(Tabela37[DIA DA SEMANA],RESUMO!B19,Tabela37[VALOR REALIZADO]) -> 12964 | D19: =C19/$C$25 -> 0.1281927
B20: TERÇA-FEIRA | C20: =SUMIF(Tabela37[DIA DA SEMANA],RESUMO!B20,Tabela37[VALOR REALIZADO]) -> 6198 | D20: =C20/$C$25 -> 0.061288058
B21: QUARTA-FEIRA | C21: =SUMIF(Tabela37[DIA DA SEMANA],RESUMO!B21,Tabela37[VALOR REALIZADO]) -> 16114 | D21: =C21/$C$25 -> 0.15934104
B22: QUINTA-FEIRA | C22: =SUMIF(Tabela37[DIA DA SEMANA],RESUMO!B22,Tabela37[VALOR REALIZADO]) -> 29329 | D22: =C22/$C$25 -> 0.29001572
B23: SEXTA-FEIRA | C23: =SUMIF(Tabela37[DIA DA SEMANA],RESUMO!B23,Tabela37[VALOR REALIZADO]) -> 17250 | D23: =C23/$C$25 -> 0.17057422
B24: SÁBADO | C24: =SUMIF(Tabela37[DIA DA SEMANA],RESUMO!B24,Tabela37[VALOR REALIZADO]) -> 19274 | D24: =C24/$C$25 -> 0.19058826
B25: TOTAL | C25: =SUM(C19:C24) -> 101129 | D25: =C25/$C$25 -> 1
B27: REALIZADO | C27: =Tabela37[[#Totals],[VALOR REALIZADO]] -> 101129
B28: DIVISÃO DAS METAS | C28: VALOR | D28: DIFERENÇA | E28: % ALCANCE DA META
B29: META MÍNIMA | C29: =Tabela37[[#Totals],[META MÍNIMA]] -> 40000 | D29: =$C$27-C29 -> 61129 | E29: =$C$27/C29 -> 2.528225
B30: TOP 1 | C30: =Tabela37[[#Totals],[TOP 1]] -> 50000 | D30: =$C$27-C30 -> 51129 | E30: =$C$27/C30 -> 2.02258
B31: TOP2 | C31: =Tabela37[[#Totals],[TOP 2]] -> 60000 | D31: =$C$27-C31 -> 41129 | E31: =$C$27/C31 -> 1.6854833
B32: MASTER | C32: =Tabela37[[#Totals],[MASTER]] -> 80000 | D32: =$C$27-C32 -> 21129 | E32: =$C$27/C32 -> 1.2641125
B34: MELHOR VENDA DIÁRIA | C34: =MAX(Tabela37[VALOR REALIZADO]) -> 10087
B35: MELHOR SEMANA | C35: =MAX(VENDAS!S5:S9) -> 38229

Sheet AUXILIAR
C2: METAS INDIVIDUAIS
C3: Rótulos de Linha | D3: META INDIVIDUAL | F3: VENDEDOR | G3: META INDIVIDUAL
C4: Total Geral | F4: CRIS | G4: =SUMIF(VENDAS_VENDEDOR[[#Data],[#Totals],[VENDEDOR]],AUXILIAR!F4,VENDAS_VENDEDOR[VALOR REALIZADO]) -> 0
F5: VITÓRIA | G5: =SUMIF(VENDAS_VENDEDOR[[#Data],[#Totals],[VENDEDOR]],AUXILIAR!F5,VENDAS_VENDEDOR[VALOR REALIZADO]) -> 0
F6: NARA | G6: =SUMIF(VENDAS_VENDEDOR[[#Data],[#Totals],[VENDEDOR]],AUXILIAR!F6,VENDAS_VENDEDOR[VALOR REALIZADO]) -> 0
F7: SHERON | G7: =SUMIF(VENDAS_VENDEDOR[[#Data],[#Totals],[VENDEDOR]],AUXILIAR!F7,VENDAS_VENDEDOR[VALOR REALIZADO]) -> 0

Sheet Planilha2 (2)

Sheet IMAGENS (2)
D3: NOME | E3: FOTO | H3: NOME | I3: FOTO
D4: SHERON | E4: #VALUE! | H4: SHERON | I4: #VALUE!
D5: CRIS | E5: #VALUE! | H5: CRIS | I5: #VALUE!
D6: NARA | E6: #VALUE! | H6: NARA | I6: #VALUE!

Sheet VENDEDORES
A1: MELHOR VENDEDORA

Sheet GERAL TOTAL
B2: ITAPIPOCA
C3: JAN | D3: FEV | E3: MAR | F3: ABR | G3: MAI | H3: JUN | I3: JUL | J3: AGO | K3: SET | L3: OUT | M3: NOV | N3: DEZ | O3: TOTAL
B4: 2023 | C4: 19874 | D4: 14184.94 | E4: 31306.95 | F4: 24315 | G4: 61782.5 | H4: 42011 | I4: 33355 | J4: 41895 | K4: 33729.1 | L4: 32190 | M4: 66009 | N4: 93436 | O4: =SUM(C4:N4) -> 494088.49
B5: 2024 | C5: 18528 | D5: 25658.7 | E5: 48575.6 | F5: 66407.9 | G5: 68016.9 | H5: 53766.9 | I5: 76693 | J5: 55215.5 | K5: 104015.6 | L5: 30796 | M5: 69122.2 | N5: 108361.6 | O5: =SUM(C5:N5) -> 725157.9
B6: TAXA DE CRESCIMENTO 2023/2024 | C6: =C5/C4-1 -> -0.067726678 | D6: =D5/D4-1 -> 0.80886912 | E6: =E5/E4-1 -> 0.55159158 | F6: =F5/F4-1 -> 1.7311495 | G6: =G5/G4-1 -> 0.10090883 | H6: =H5/H4-1 -> 0.27982909 | I6: =I5/I4-1 -> 1.2992955 | J6: =J5/J4-1 -> 0.31794964 | ... O6: =O5/O4-1 -> 0.46766807
B7: TAXA DE CRESCIMENTO ESPERADA 2025 | C7: 0.2 | D7: 0.2 | E7: 0.2 | F7: 0.2 | G7: 0.2 | H7: 0.2 | I7: 0.2 | J7: 0.2 | K7: 0.2 | L7: 0.2 | M7: 0.2 | N7: 0.2 | O7: 0.2
B8: FATURAMENTO ESPERADO 2025 | C8: =C5*(100%+C7) -> 22233.6 | D8: =D5*(100%+D7) -> 30790.44 | E8: =E5*(100%+E7) -> 58290.72 | F8: =F5*(100%+F7) -> 79689.48 | G8: =G5*(100%+G7) -> 81620.28 | H8: =H5*(100%+H7) -> 64520.28 | I8: =I5*(100%+I7) -> 92031.6 | J8: =J5*(100%+J7) -> 66258.6 | ... N8: =N5*(100%+N7) -> 130033.92 | O8: =SUM(C8:N8) -> 870189.48
B9: FATURAMENTO REAL | C9: 19820 | D9: 35317 | E9: 38451.9 | F9: 82472.9 | G9: 99000 | H9: 62464 | I9: 101707.4 | J9: 76569.6 | O9: =SUM(C9:N9) -> 515802.8
B10: DIFRENÇA | C10: =C9/C8-1 -> -0.10855642 | D10: =D9/D8-1 -> 0.14701186 | E10: =E9/E8-1 -> -0.34034268 | F10: =F9/F8-1 -> 0.034928324 | G10: =G9/G8-1 -> 0.21293384 | H10: =H9/H8-1 -> -0.031870289 | I10: =I9/I8-1 -> 0.10513563 | J10: =J9/J8-1 -> 0.15561753 | ... O10: =O9/O8-1 -> -0.40725231
B12: SOBRAL
C13: JAN | D13: FEV | E13: MAR | F13: ABR | G13: MAI | H13: JUN | I13: JUL | J13: AGO | K13: SET | L13: OUT | M13: NOV | N13: DEZ | O13: TOTAL
B14: 2023 | C14: 69665 | D14: 66339.9 | E14: 112868.2 | F14: 110771 | G14: 76196 | H14: 124891 | I14: 97317.4 | J14: 95136 | K14: 116125 | L14: 144644.1 | M14: 228425.88 | N14: 278369.22 | O14: =SUM(C14:N14) -> 1520748.7
B15: 2024 | C15: 56409.4 | D15: 119124.91 | E15: 152166.95 | F15: 86346 | G15: 175012.98 | H15: 151309.9 | I15: 266098.3 | J15: 188534.8 | K15: 142266.7 | L15: 232186.56 | M15: 185973.04 | N15: 273769.1 | O15: =SUM(C15:N15) -> 2029198.6
B16: TAXA DE CRESCIMENTO 2023/2024 | C16: =C15/C14-1 -> -0.19027632 | D16: =D15/D14-1 -> 0.79567515 | E16: =E15/E14-1 -> 0.34818266 | F16: =F15/F14-1 -> -0.22049995 | G16: =G15/G14-1 -> 1.2968788 | H16: =H15/H14-1 -> 0.21153566 | I16: =I15/I14-1 -> 1.7343343 | J16: =J15/J14-1 -> 0.98173983 | ... O16: =O15/O14-1 -> 0.33434185
B17: TAXA DE CRESCIMENTO ESPERADA 2025 | C17: 0.2 | D17: 0.2 | E17: 0.2 | F17: 0.2 | G17: 0.2 | H17: 0.2 | I17: 0.2 | J17: 0.2 | K17: 0.2 | L17: 0.2 | M17: 0.2 | N17: 0.2 | O17: 0.2
B18: FATURAMENTO ESPERADO 2025 | C18: =C15*(100%+C17) -> 67691.28 | D18: =D15*(100%+D17) -> 142949.89 | E18: =E15*(100%+E17) -> 182600.34 | F18: =F15*(100%+F17) -> 103615.2 | G18: =G15*(100%+G17) -> 210015.58 | H18: =H15*(100%+H17) -> 181571.88 | I18: =I15*(100%+I17) -> 319317.96 | J18: =J15*(100%+J17) -> 226241.76 | ... N18: =N15*(100%+N17) -> 328522.92 | O18: =SUM(C18:N18) -> 2435038.4
B19: FATURAMENTO REAL | C19: 74329 | D19: 119813.5 | E19: 234836.65 | F19: 119501 | G19: 173353 | H19: 168340.47 | I19: 186236.1 | O19: =SUM(C19:N19) -> 1076409.7
B20: DIFRENÇA | C20: =C19/C18-1 -> 0.098058716 | D20: =D19/D18-1 -> -0.16184966 | E20: =E19/E18-1 -> 0.28606907 | F20: =F19/F18-1 -> 0.15331534 | G20: =G19/G18-1 -> -0.17457075 | H20: =H19/H18-1 -> -0.072871471 | I20: =I19/I18-1 -> -0.4167691 | J20: =J19/J18-1 -> -1 | ... O20: =O19/O18-1 -> -0.55794959
B22: SOBRAL - ITAPIPOCA
C23: JAN | D23: FEV | E23: MAR | F23: ABR | G23: MAI | H23: JUN | I23: JUL | J23: AGO | K23: SET | L23: OUT | M23: NOV | N23: DEZ | O23: TOTAL
B24: 2023 | C24: =C4+C14 -> 89539 | D24: =D4+D14 -> 80524.84 | E24: =E4+E14 -> 144175.15 | F24: =F4+F14 -> 135086 | G24: =G4+G14 -> 137978.5 | H24: =H4+H14 -> 166902 | I24: =I4+I14 -> 130672.4 | J24: =J4+J14 -> 137031 | ... N24: =N4+N14 -> 371805.22 | O24: =SUM(C24:N24) -> 2014837.2
B25: 2024 | C25: =C5+C15 -> 74937.4 | D25: =D5+D15 -> 144783.61 | E25: =E5+E15 -> 200742.55 | F25: =F5+F15 -> 152753.9 | G25: =G5+G15 -> 243029.88 | H25: =H5+H15 -> 205076.8 | I25: =I5+I15 -> 342791.3 | J25: =J5+J15 -> 243750.3 | ... N25: =N5+N15 -> 382130.7 | O25: =SUM(C25:N25) -> 2754356.5
B26: TAXA DE CRESCIMENTO 2023/2024 | C26: =C25/C24-1 -> -0.16307531 | D26: =D25/D24-1 -> 0.79799935 | E26: =E25/E24-1 -> 0.39235194 | F26: =F25/F24-1 -> 0.13079002 | G26: =G25/G24-1 -> 0.7613605 | H26: =H25/H24-1 -> 0.22872584 | I26: =I25/I24-1 -> 1.6232877 | J26: =J25/J24-1 -> 0.77879677 | ... O26: =O25/O24-1 -> 0.36703678
B27: TAXA DE CRESCIMENTO ESPERADA 2025 | C27: 0.2 | D27: 0.2 | E27: 0.2 | F27: 0.2 | G27: 0.2 | H27: 0.2 | I27: 0.2 | J27: 0.2 | K27: 0.2 | L27: 0.2 | M27: 0.2 | N27: 0.2 | O27: 0.2
B28: FATURAMENTO ESPERADO 2025 | C28: =C18+C8 -> 89924.88 | D28: =D18+D8 -> 173740.33 | E28: =E18+E8 -> 240891.06 | F28: =F18+F8 -> 183304.68 | G28: =G18+G8 -> 291635.86 | H28: =H18+H8 -> 246092.16 | I28: =I18+I8 -> 411349.56 | J28: =J18+J8 -> 292500.36 | ... N28: =N18+N8 -> 458556.84 | O28: =SUM(C28:N28) -> 3305227.8
B29: FATURAMENTO REAL | C29: =C9+C19 -> 94149 | D29: =D9+D19 -> 155130.5 | E29: =E9+E19 -> 273288.55 | F29: =F9+F19 -> 201973.9 | G29: =G9+G19 -> 272353 | H29: =H9+H19 -> 230804.47 | I29: =I9+I19 -> 287943.5 | O29: =SUM(C29:N29) -> 1515642.9
B30: DIFRENÇA | C30: =C29/C28-1 -> 0.046973874 | D30: =D29/D28-1 -> -0.10711291 | E30: =E29/E28-1 -> 0.13449021 | F30: =F29/F28-1 -> 0.10184803 | G30: =G29/G28-1 -> -0.066119634 | H30: =H29/H28-1 -> -0.062121808 | I30: =I29/I28-1 -> -0.3000029 | J30: =J29/J28-1 -> -1 | ... O30: =O29/O28-1 -> -0.54144071

Sheet VENDAS_VENDEDOR
J1: VENDAS - METAS INDIVIDUAIS | O1: VENDAS - ONLINE | T1: QUANTIDADE DE VENDEDORAS | U1: % ONLINE
J2: META MÍNIMA | K2: TOP 1 | L2: TOP 2 | M2: MASTER | O2: META MÍNIMA | P2: TOP 1 | Q2: TOP 2 | R2: MASTER | T2: 3 | U2: 0.2
B3: METAS POR DIA | G3: AIANE | J3: =Q6 -> 13333.333 | K3: =Q7 -> 16666.667 | L3: =Q8 -> 20000 | M3: =Q9 -> 26666.667 | O3: =R6 -> 0 | P3: =R7 -> 0 | Q3: =R8 -> 0 | R3: =R9 -> 0
B4: DATA | C4: DIA DA SEMANA | D4: VALOR REALIZADO | E4: VENDEDOR | G4: BIANCA
B5: =Tabela37[[#This Row],[DATA]] -> 46113 | C5: =UPPER(TEXT(B5,"dddd")) -> QUARTA-FEIRA | D5: 39142 | E5: AIANE | G5: LUCIJANE | Q5: META VENDEDORA | R5: ONLINE
B6: =Tabela37[[#This Row],[DATA]] -> 46114 | C6: =UPPER(TEXT(B6,"dddd")) -> QUINTA-FEIRA | E6: AIANE | G6: ALINE | H6: VENDAS /MÊS DIFERENÇA | P6: MÍNIMA | Q6: =(ITAPIPOCA!K2-VENDAS_VENDEDOR!R6)/3 -> 13333.333 | R6: 0 | S6: =Q6*3 -> 40000
B7: =Tabela37[[#This Row],[DATA]] -> 46115 | C7: =UPPER(TEXT(B7,"dddd")) -> SEXTA-FEIRA | E7: AIANE | G7: LOJA | H7: VENDEDORA | I7: VALOR REALIZADO | J7: META MÍNIMA | K7: TOP 1 | L7: TOP 2 | M7: MASTER | P7: TOP 1 | Q7: =(ITAPIPOCA!K7-VENDAS_VENDEDOR!R7)/3 -> 16666.667 | R7: 0 | S7: =Q7*3 -> 50000
B8: =Tabela37[[#This Row],[DATA]] -> 46116 | C8: =UPPER(TEXT(B8,"dddd")) -> SÁBADO | E8: AIANE | H8: AIANE | I8: =SUMIFS($D$5:$D$128,$E$5:$E$128,H8) -> 39142 | J8: =I8-$J$3 -> 25808.667 | K8: =I8-$K$3 -> 22475.333 | L8: =I8-$L$3 -> 19142 | M8: =I8-$M$3 -> 12475.333 | P8: TOP 2 | Q8: =(ITAPIPOCA!K13-VENDAS_VENDEDOR!R8)/3 -> 20000 | R8: 0 | S8: =Q8*3 -> 60000
B9: =Tabela37[[#This Row],[DATA]] -> 46117 | C9: =UPPER(TEXT(B9,"dddd")) -> DOMINGO | E9: AIANE | H9: LUCIJANE | I9: =SUMIFS($D$5:$D$128,$E$5:$E$128,H9) -> 25432 | J9: =I9-$J$3 -> 12098.667 | K9: =I9-$K$3 -> 8765.3333 | L9: =I9-$L$3 -> 5432 | M9: =I9-$M$3 -> -1234.6667 | P9: MASTER | Q9: =(ITAPIPOCA!K19-VENDAS_VENDEDOR!R9)/3 -> 26666.667 | R9: 0 | S9: =Q9*3 -> 80000
B10: =Tabela37[[#This Row],[DATA]] -> 46118 | C10: =UPPER(TEXT(B10,"dddd")) -> SEGUNDA-FEIRA | E10: AIANE | H10: ALINE | I10: =SUMIFS($D$5:$D$128,$E$5:$E$128,H10) -> 36555 | J10: =I10-$J$3 -> 23221.667 | K10: =I10-$K$3 -> 19888.333 | L10: =I10-$L$3 -> 16555 | M10: =I10-$M$3 -> 9888.3333
B11: =Tabela37[[#This Row],[DATA]] -> 46119 | C11: =UPPER(TEXT(B11,"dddd")) -> TERÇA-FEIRA | E11: AIANE
B12: =Tabela37[[#This Row],[DATA]] -> 46120 | C12: =UPPER(TEXT(B12,"dddd")) -> QUARTA-FEIRA | E12: AIANE
B13: =Tabela37[[#This Row],[DATA]] -> 46121 | C13: =UPPER(TEXT(B13,"dddd")) -> QUINTA-FEIRA | E13: AIANE | I13: STATUS META
B14: =Tabela37[[#This Row],[DATA]] -> 46122 | C14: =UPPER(TEXT(B14,"dddd")) -> SEXTA-FEIRA | E14: AIANE | I14: VENDEDORA | J14: META MÍNIMA | K14: TOP 1 | L14: TOP 2 | M14: MASTER
B15: =Tabela37[[#This Row],[DATA]] -> 46123 | C15: =UPPER(TEXT(B15,"dddd")) -> SÁBADO | E15: AIANE | I15: AIANE | J15: =IF(J8>0,"BATEU","NÃO ALCANÇADO") -> BATEU | K15: =IF(K8>0,"BATEU","NÃO ALCANÇADO") -> BATEU | L15: =IF(L8>0,"BATEU","NÃO ALCANÇADO") -> BATEU | M15: =IF(M8>0,"BATEU","NÃO ALCANÇADO") -> BATEU
B16: =Tabela37[[#This Row],[DATA]] -> 46124 | C16: =UPPER(TEXT(B16,"dddd")) -> DOMINGO | E16: AIANE | I16: ALINE | J16: =IF(J9>0,"BATEU","NÃO ALCANÇADO") -> BATEU | K16: =IF(K9>0,"BATEU","NÃO ALCANÇADO") -> BATEU | L16: =IF(L9>0,"BATEU","NÃO ALCANÇADO") -> BATEU | M16: =IF(M9>0,"BATEU","NÃO ALCANÇADO") -> NÃO ALCANÇADO
B17: =Tabela37[[#This Row],[DATA]] -> 46125 | C17: =UPPER(TEXT(B17,"dddd")) -> SEGUNDA-FEIRA | E17: AIANE | I17: LUCIJANE | J17: =IF(J10>0,"BATEU","NÃO ALCANÇADO") -> BATEU | K17: =IF(K10>0,"BATEU","NÃO ALCANÇADO") -> BATEU | L17: =IF(L10>0,"BATEU","NÃO ALCANÇADO") -> BATEU | M17: =IF(M10>0,"BATEU","NÃO ALCANÇADO") -> BATEU
B18: =Tabela37[[#This Row],[DATA]] -> 46126 | C18: =UPPER(TEXT(B18,"dddd")) -> TERÇA-FEIRA | E18: AIANE | J18: =IF(#REF!>0,"BATEU","NÃO ALCANÇADO") -> #REF! | K18: =IF(#REF!>0,"BATEU","NÃO ALCANÇADO") -> #REF! | L18: =IF(#REF!>0,"BATEU","NÃO ALCANÇADO") -> #REF! | M18: =IF(#REF!>0,"BATEU","NÃO ALCANÇADO") -> #REF!
B19: =Tabela37[[#This Row],[DATA]] -> 46127 | C19: =UPPER(TEXT(B19,"dddd")) -> QUARTA-FEIRA | E19: AIANE | I19: % | J19: 0.01 | K19: 0.013 | L19: 0.015 | M19: 0.02
B20: =Tabela37[[#This Row],[DATA]] -> 46128 | C20: =UPPER(TEXT(B20,"dddd")) -> QUINTA-FEIRA | E20: AIANE | I20: COMISSÕES VALORES
B21: =Tabela37[[#This Row],[DATA]] -> 46129 | C21: =UPPER(TEXT(B21,"dddd")) -> SEXTA-FEIRA | E21: AIANE | I21: VENDEDORA | J21: META MÍNIMA | K21: TOP 1 | L21: TOP 2 | M21: MASTER
B22: =Tabela37[[#This Row],[DATA]] -> 46130 | C22: =UPPER(TEXT(B22,"dddd")) -> SÁBADO | E22: AIANE | I22: AIANE | J22: =IF(J15="NÃO ALCANÇADO","NÃO ALCANÇADO",$J$3*$J$19) -> 133.33333 | K22: =IF(K15="NÃO ALCANÇADO","NÃO ALCANÇADO",$K$3*$K$19) -> 216.66667 | L22: =IF(L15="NÃO ALCANÇADO","NÃO ALCANÇADO",$L$3*$L$19) -> 300 | M22: =IF(M15="NÃO ALCANÇADO","NÃO ALCANÇADO",$M$3*$I$20) -> #VALUE!
B23: =Tabela37[[#This Row],[DATA]] -> 46131 | C23: =UPPER(TEXT(B23,"dddd")) -> DOMINGO | E23: AIANE | I23: ALINE | J23: =IF(J16="NÃO ALCANÇADO","NÃO ALCANÇADO",$J$3*$J$19) -> 133.33333 | K23: =IF(K16="NÃO ALCANÇADO","NÃO ALCANÇADO",$K$3*$K$19) -> 216.66667 | L23: =IF(L16="NÃO ALCANÇADO","NÃO ALCANÇADO",$L$3*$L$19) -> 300 | M23: =IF(M16="NÃO ALCANÇADO","NÃO ALCANÇADO",$M$3*$I$20) -> NÃO ALCANÇADO
B24: =Tabela37[[#This Row],[DATA]] -> 46132 | C24: =UPPER(TEXT(B24,"dddd")) -> SEGUNDA-FEIRA | E24: AIANE | J24: =IF(J17="NÃO ALCANÇADO","NÃO ALCANÇADO",$J$3*$J$19) -> 133.33333 | K24: =IF(K17="NÃO ALCANÇADO","NÃO ALCANÇADO",$K$3*$K$19) -> 216.66667 | L24: =IF(L17="NÃO ALCANÇADO","NÃO ALCANÇADO",$L$3*$L$19) -> 300 | M24: =IF(M17="NÃO ALCANÇADO","NÃO ALCANÇADO",$M$3*$I$20) -> #VALUE!
B25: =Tabela37[[#This Row],[DATA]] -> 46133 | C25: =UPPER(TEXT(B25,"dddd")) -> TERÇA-FEIRA | E25: AIANE | J25: =IF(J18="NÃO ALCANÇADO","NÃO ALCANÇADO",$J$3*$J$19) -> #REF! | K25: =IF(K18="NÃO ALCANÇADO","NÃO ALCANÇADO",$K$3*$K$19) -> #REF! | L25: =IF(L18="NÃO ALCANÇADO","NÃO ALCANÇADO",$L$3*$L$19) -> #REF! | M25: =IF(M18="NÃO ALCANÇADO","NÃO ALCANÇADO",$M$3*$I$20) -> #REF!
B26: =Tabela37[[#This Row],[DATA]] -> 46134 | C26: =UPPER(TEXT(B26,"dddd")) -> QUARTA-FEIRA | E26: AIANE
B27: =Tabela37[[#This Row],[DATA]] -> 46135 | C27: =UPPER(TEXT(B27,"dddd")) -> QUINTA-FEIRA | E27: AIANE
B28: =Tabela37[[#This Row],[DATA]] -> 46136 | C28: =UPPER(TEXT(B28,"dddd")) -> SEXTA-FEIRA | E28: AIANE
B29: =Tabela37[[#This Row],[DATA]] -> 46137 | C29: =UPPER(TEXT(B29,"dddd")) -> SÁBADO | E29: AIANE
B30: =Tabela37[[#This Row],[DATA]] -> 46138 | C30: =UPPER(TEXT(B30,"dddd")) -> DOMINGO | E30: AIANE
B31: =Tabela37[[#This Row],[DATA]] -> 46139 | C31: =UPPER(TEXT(B31,"dddd")) -> SEGUNDA-FEIRA | E31: AIANE
B32: =Tabela37[[#This Row],[DATA]] -> 46140 | C32: =UPPER(TEXT(B32,"dddd")) -> TERÇA-FEIRA | E32: AIANE
B33: =Tabela37[[#This Row],[DATA]] -> 46141 | C33: =UPPER(TEXT(B33,"dddd")) -> QUARTA-FEIRA | E33: AIANE
B34: =Tabela37[[#This Row],[DATA]] -> 46142 | C34: =UPPER(TEXT(B34,"dddd")) -> QUINTA-FEIRA | E34: AIANE
B35: =Tabela37[[#This Row],[DATA]] -> 46143 | C35: =UPPER(TEXT(B35,"dddd")) -> SEXTA-FEIRA | E35: AIANE
B36: 45992 | C36: =UPPER(TEXT(B36,"dddd")) -> SEGUNDA-FEIRA | E36: BIANCA
B37: 45993 | C37: =UPPER(TEXT(B37,"dddd")) -> TERÇA-FEIRA | E37: BIANCA
B38: 45994 | C38: =UPPER(TEXT(B38,"dddd")) -> QUARTA-FEIRA | E38: BIANCA
B39: 45995 | C39: =UPPER(TEXT(B39,"dddd")) -> QUINTA-FEIRA | E39: BIANCA
B40: 45996 | C40: =UPPER(TEXT(B40,"dddd")) -> SEXTA-FEIRA | E40: BIANCA
B41: 45997 | C41: =UPPER(TEXT(B41,"dddd")) -> SÁBADO | E41: BIANCA
B42: 45998 | C42: =UPPER(TEXT(B42,"dddd")) -> DOMINGO | E42: BIANCA
B43: 45999 | C43: =UPPER(TEXT(B43,"dddd")) -> SEGUNDA-FEIRA | E43: BIANCA
B44: 46000 | C44: =UPPER(TEXT(B44,"dddd")) -> TERÇA-FEIRA | E44: BIANCA
B45: 46001 | C45: =UPPER(TEXT(B45,"dddd")) -> QUARTA-FEIRA | E45: BIANCA
B46: 46002 | C46: =UPPER(TEXT(B46,"dddd")) -> QUINTA-FEIRA | E46: BIANCA
B47: 46003 | C47: =UPPER(TEXT(B47,"dddd")) -> SEXTA-FEIRA | E47: BIANCA
... B66: 46022 | C66: =UPPER(TEXT(B66,"dddd")) -> QUARTA-FEIRA | E66: BIANCA
B67: 46082 | C67: =UPPER(TEXT(B67,"dddd")) -> DOMINGO | D67: 25432 | E67: LUCIJANE
B68: 46083 | C68: =UPPER(TEXT(B68,"dddd")) -> SEGUNDA-FEIRA | E68: LUCIJANE
B69: 46084 | C69: =UPPER(TEXT(B69,"dddd")) -> TERÇA-FEIRA | E69: LUCIJANE
B70: 46085 | C70: =UPPER(TEXT(B70,"dddd")) -> QUARTA-FEIRA | E70: LUCIJANE
B71: 46086 | C71: =UPPER(TEXT(B71,"dddd")) -> QUINTA-FEIRA | E71: LUCIJANE
B72: 46087 | C72: =UPPER(TEXT(B72,"dddd")) -> SEXTA-FEIRA | E72: LUCIJANE
B73: 46088 | C73: =UPPER(TEXT(B73,"dddd")) -> SÁBADO | E73: LUCIJANE
B74: 46089 | C74: =UPPER(TEXT(B74,"dddd")) -> DOMINGO | E74: LUCIJANE
B75: 46090 | C75: =UPPER(TEXT(B75,"dddd")) -> SEGUNDA-FEIRA | E75: LUCIJANE
B76: 46091 | C76: =UPPER(TEXT(B76,"dddd")) -> TERÇA-FEIRA | E76: LUCIJANE
B77: 46092 | C77: =UPPER(TEXT(B77,"dddd")) -> QUARTA-FEIRA | E77: LUCIJANE
B78: 46093 | C78: =UPPER(TEXT(B78,"dddd")) -> QUINTA-FEIRA | E78: LUCIJANE
B79: 46094 | C79: =UPPER(TEXT(B79,"dddd")) -> SEXTA-FEIRA | E79: LUCIJANE
... B97: 46112 | C97: =UPPER(TEXT(B97,"dddd")) -> TERÇA-FEIRA | E97: LUCIJANE
B98: 46082 | C98: =UPPER(TEXT(B98,"dddd")) -> DOMINGO | D98: 36555 | E98: ALINE
B99: 46083 | C99: =UPPER(TEXT(B99,"dddd")) -> SEGUNDA-FEIRA | E99: ALINE
B100: 46084 | C100: =UPPER(TEXT(B100,"dddd")) -> TERÇA-FEIRA | E100: ALINE
B101: 46085 | C101: =UPPER(TEXT(B101,"dddd")) -> QUARTA-FEIRA | E101: ALINE
B102: 46086 | C102: =UPPER(TEXT(B102,"dddd")) -> QUINTA-FEIRA | E102: ALINE
B103: 46087 | C103: =UPPER(TEXT(B103,"dddd")) -> SEXTA-FEIRA | E103: ALINE
B104: 46088 | C104: =UPPER(TEXT(B104,"dddd")) -> SÁBADO | E104: ALINE
B105: 46089 | C105: =UPPER(TEXT(B105,"dddd")) -> DOMINGO | E105: ALINE
B106: 46090 | C106: =UPPER(TEXT(B106,"dddd")) -> SEGUNDA-FEIRA | E106: ALINE
B107: 46091 | C107: =UPPER(TEXT(B107,"dddd")) -> TERÇA-FEIRA | E107: ALINE
B108: 46092 | C108: =UPPER(TEXT(B108,"dddd")) -> QUARTA-FEIRA | E108: ALINE
B109: 46093 | C109: =UPPER(TEXT(B109,"dddd")) -> QUINTA-FEIRA | E109: ALINE
B110: 46094 | C110: =UPPER(TEXT(B110,"dddd")) -> SEXTA-FEIRA | E110: ALINE
... B128: 46112 | C128: =UPPER(TEXT(B128,"dddd")) -> TERÇA-FEIRA | E128: ALINE
B129: Total | D129: =SUBTOTAL(109,VENDAS_VENDEDOR[VALOR REALIZADO]) -> 101129

Sheet Planilha1
G1: VENDAS - METAS INDIVIDUAIS
D2: Ranking | G2: VENDEDOR | H2: VENDAS | I2: META MÍNIMA | J2: TOP 1 | K2: TOP 2 | L2: MASTER | M2: META MÍNIMA | N2: TOP 1 | O2: TOP 2 | P2: MASTER
B3: =VLOOKUP(C3,$F$3:$G$6,2,0) -> #REF! | C3: =LARGE($H$3:$H$6,1) -> #REF! | D3: 5000 | F3: =H3 -> 39142 | G3: =VENDAS_VENDEDOR!H8 -> AIANE | H3: =VENDAS_VENDEDOR!I8 -> 39142 | I3: =VENDAS_VENDEDOR!J3 -> 13333.333 | J3: =VENDAS_VENDEDOR!K3 -> 16666.667 | K3: =VENDAS_VENDEDOR!L3 -> 20000 | L3: =VENDAS_VENDEDOR!M3 -> 26666.667 | M3: =IF(H3>L3,H3,IF(H3>K3,H3,IF(H3>J3,H3,IF(H3>I3,H3,"")))) -> 39142 | N3: =IF(H3>L3,H3,IF(H3>K3,H3,IF(H3>J3,H3,""))) -> 39142 | O3: =IF(H3>L3,H3,IF(H3>K3,H3,"")) -> 39142 | P3: =IF(H3>L3,H3,"") -> 39142
B4: =VLOOKUP(C4,$F$3:$G$6,2,0) -> #REF! | C4: =LARGE($H$3:$H$6,2) -> #REF! | D4: 5000 | F4: =H4 -> #REF! | G4: =VENDAS_VENDEDOR!#REF! -> #REF! | H4: =VENDAS_VENDEDOR!#REF! -> #REF! | I4: =VENDAS_VENDEDOR!J3 -> 13333.333 | J4: =VENDAS_VENDEDOR!K3 -> 16666.667 | K4: =VENDAS_VENDEDOR!L3 -> 20000 | L4: =VENDAS_VENDEDOR!M3 -> 26666.667 | M4: =IF(H4>L4,H4,IF(H4>K4,H4,IF(H4>J4,H4,IF(H4>I4,H4,"")))) -> #REF! | N4: =IF(H4>L4,H4,IF(H4>K4,H4,IF(H4>J4,H4,""))) -> #REF! | O4: =IF(H4>L4,H4,IF(H4>K4,H4,"")) -> #REF! | P4: =IF(H4>L4,H4,"") -> #REF!
B5: =VLOOKUP(C5,$F$3:$G$6,2,0) -> #REF! | C5: =LARGE($H$3:$H$6,3) -> #REF! | D5: 5000 | F5: =H5 -> 25432 | G5: =VENDAS_VENDEDOR!H9 -> LUCIJANE | H5: =VENDAS_VENDEDOR!I9 -> 25432 | I5: =VENDAS_VENDEDOR!J3 -> 13333.333 | J5: =VENDAS_VENDEDOR!K3 -> 16666.667 | K5: =VENDAS_VENDEDOR!L3 -> 20000 | L5: =VENDAS_VENDEDOR!M3 -> 26666.667 | M5: =IF(H5>L5,H5,IF(H5>K5,H5,IF(H5>J5,H5,IF(H5>I5,H5,"")))) -> 25432 | N5: =IF(H5>L5,H5,IF(H5>K5,H5,IF(H5>J5,H5,""))) -> 25432 | O5: =IF(H5>L5,H5,IF(H5>K5,H5,"")) -> 25432 | P5: =IF(H5>L5,H5,"")
F6: =H6 -> 36555 | G6: =VENDAS_VENDEDOR!H10 -> ALINE | H6: =VENDAS_VENDEDOR!I10 -> 36555 | I6: =VENDAS_VENDEDOR!J3 -> 13333.333 | J6: =VENDAS_VENDEDOR!K3 -> 16666.667 | K6: =VENDAS_VENDEDOR!L3 -> 20000 | L6: =VENDAS_VENDEDOR!M3 -> 26666.667 | M6: =IF(H6>L6,H6,IF(H6>K6,H6,IF(H6>J6,H6,IF(H6>I6,H6,"")))) -> 36555 | N6: =IF(H6>L6,H6,IF(H6>K6,H6,IF(H6>J6,H6,""))) -> 36555 | O6: =IF(H6>L6,H6,IF(H6>K6,H6,"")) -> 36555 | P6: =IF(H6>L6,H6,"") -> 36555
I7: =I6/$L$6 -> 0.5 | J7: =J6/$L$6 -> 0.625 | K7: =K6/$L$6 -> 0.75 | L7: =L6/$L$6 -> 1

Sheet IMAGENS
D3: NOME | E3: FOTO | H3: NOME | I3: FOTO
D4: SHERON | E4: #VALUE! | H4: ALINE | I4: #VALUE!
D5: CRIS | E5: #VALUE! | H5: AIANE | I5: #VALUE!
D6: NARA | E6: #VALUE!

Sheet Detalhes1
A1: Detalhes do Soma de VALOR2 - DIA DA SEMANA: SEGUNDA-FEIRA
A3: DATA | B3: DIA DA SEMANA | C3: VALOR
A4: 45712 | B4: SEGUNDA-FEIRA | C4: 553
A5: 45705 | B5: SEGUNDA-FEIRA | C5: 688
A6: 45691 | B6: SEGUNDA-FEIRA | C6: 1529
A7: 45698 | B7: SEGUNDA-FEIRA | C7: 2398

Sheet ITAPIPOCA
B1: DATA | C1: DIA DA SEMANA | D1: VALOR | F1: ANO | G1: 2026 | J1: MÍNIMA | M1: MÍNIMA | W1: TOP 1 | AG1: TOP 2 | AQ1: MASTER
B2: 46054 | C2: =UPPER(TEXT(B2,"dddd")) -> DOMINGO | D2: =408+284+523 -> 1215 | F2: DIA DA SEMANA | G2: Soma de VALOR2 | H2: % | J2: FATURAMENTO | K2: 40000 | M2: MÊS | N2: ANO | O2: META MENSAL | P2: DIA DA SEMANA | Q2: PERCENTUAL DE REPRESENTATIVIDADE | R2: QUANTIDADE | W2: MÊS | X2: ANO | Y2: META MENSAL | Z2: DIA DA SEMANA | AA2: PERCENTUAL DE REPRESENTATIVIDADE | AB2: QUANTIDADE | AG2: MÊS | AH2: ANO | AI2: META MENSAL | AJ2: DIA DA SEMANA | AK2: PERCENTUAL DE REPRESENTATIVIDADE | AL2: QUANTIDADE | AQ2: MÊS | AR2: ANO | AS2: META MENSAL | AT2: DIA DA SEMANA | AU2: PERCENTUAL DE REPRESENTATIVIDADE | AV2: QUANTIDADE
B3: 46055 | C3: =UPPER(TEXT(B3,"dddd")) -> SEGUNDA-FEIRA | D3: 0 | F3: DOMINGO | G3: 0 | H3: 0 | J3: DIAS ÚTEIS | K3: 26 | M3: 3 | N3: =$G$1 -> 2026 | O3: =$K$2 -> 40000 | P3: DOMINGO | Q3: =$H$3 -> 0 | R3: 4 | W3: =Tabela6[[#This Row],[MÊS]] -> 3 | X3: =Tabela6[[#This Row],[ANO]] -> 2026 | Y3: =$K$7 -> 50000 | Z3: DOMINGO | AA3: =$H$3 -> 0 | AB3: =Tabela6[[#This Row],[QUANTIDADE]] -> 4 | AG3: =Tabela69[[#This Row],[MÊS]] -> 3 | AH3: =Tabela6[[#This Row],[ANO]] -> 2026 | AI3: =$K$13 -> 60000 | AJ3: DOMINGO | AK3: =$H$3 -> 0 | AL3: =Tabela69[[#This Row],[QUANTIDADE]] -> 4 | AQ3: =Tabela6911[[#This Row],[MÊS]] -> 3 | AR3: =Tabela6911[[#This Row],[ANO]] -> 2026 | AS3: =$K$19 -> 80000 | AT3: DOMINGO | AU3: =$H$3 -> 0 | AV3: =Tabela6911[[#This Row],[QUANTIDADE]] -> 4
B4: 46056 | C4: =UPPER(TEXT(B4,"dddd")) -> TERÇA-FEIRA | D4: =255+509+765 -> 1529 | F4: SEGUNDA-FEIRA | G4: 5168 | H4: 0.14633179 | J4: MÉDIA/ DIA | K4: =K2/K3 -> 1538.4615 | M4: 3 | N4: =$G$1 -> 2026 | O4: =$K$2 -> 40000 | P4: SEGUNDA-FEIRA | Q4: =$H$4 -> 0.14633179 | R4: 4 | W4: =Tabela6[[#This Row],[MÊS]] -> 3 | X4: =Tabela6[[#This Row],[ANO]] -> 2026 | Y4: =$K$7 -> 50000 | Z4: SEGUNDA-FEIRA | AA4: =$H$4 -> 0.14633179 | AB4: =Tabela6[[#This Row],[QUANTIDADE]] -> 4 | AG4: =Tabela69[[#This Row],[MÊS]] -> 3 | AH4: =Tabela6[[#This Row],[ANO]] -> 2026 | AI4: =$K$13 -> 60000 | AJ4: SEGUNDA-FEIRA | AK4: =$H$4 -> 0.14633179 | AL4: =Tabela69[[#This Row],[QUANTIDADE]] -> 4 | AQ4: =Tabela6911[[#This Row],[MÊS]] -> 3 | AR4: =Tabela6911[[#This Row],[ANO]] -> 2026 | AS4: =$K$19 -> 80000 | AT4: SEGUNDA-FEIRA | AU4: =$H$4 -> 0.14633179 | AV4: =Tabela6911[[#This Row],[QUANTIDADE]] -> 4
B5: 46057 | C5: =UPPER(TEXT(B5,"dddd")) -> QUARTA-FEIRA | D5: =98+407+35+144+535 -> 1219 | F5: TERÇA-FEIRA | G5: 4533 | H5: 0.12835179 | M5: 3 | N5: =$G$1 -> 2026 | O5: =$K$2 -> 40000 | P5: TERÇA-FEIRA | Q5: =$H$5 -> 0.12835179 | R5: 4 | W5: =Tabela6[[#This Row],[MÊS]] -> 3 | X5: =Tabela6[[#This Row],[ANO]] -> 2026 | Y5: =$K$7 -> 50000 | Z5: TERÇA-FEIRA | AA5: =$H$5 -> 0.12835179 | AB5: =Tabela6[[#This Row],[QUANTIDADE]] -> 4 | AG5: =Tabela69[[#This Row],[MÊS]] -> 3 | AH5: =Tabela6[[#This Row],[ANO]] -> 2026 | AI5: =$K$13 -> 60000 | AJ5: TERÇA-FEIRA | AK5: =$H$5 -> 0.12835179 | AL5: =Tabela69[[#This Row],[QUANTIDADE]] -> 4 | AQ5: =Tabela6911[[#This Row],[MÊS]] -> 3 | AR5: =Tabela6911[[#This Row],[ANO]] -> 2026 | AS5: =$K$19 -> 80000 | AT5: TERÇA-FEIRA | AU5: =$H$5 -> 0.12835179 | AV5: =Tabela6911[[#This Row],[QUANTIDADE]] -> 4
B6: 46058 | C6: =UPPER(TEXT(B6,"dddd")) -> QUINTA-FEIRA | D6: =304+450 -> 754 | F6: QUARTA-FEIRA | G6: 3606 | H6: 0.1021038 | J6: TOP1 | M6: 3 | N6: =$G$1 -> 2026 | O6: =$K$2 -> 40000 | P6: QUARTA-FEIRA | Q6: =$H$6 -> 0.1021038 | R6: 5 | W6: =Tabela6[[#This Row],[MÊS]] -> 3 | X6: =Tabela6[[#This Row],[ANO]] -> 2026 | Y6: =$K$7 -> 50000 | Z6: QUARTA-FEIRA | AA6: =$H$6 -> 0.1021038 | AB6: =Tabela6[[#This Row],[QUANTIDADE]] -> 5 | AG6: =Tabela69[[#This Row],[MÊS]] -> 3 | AH6: =Tabela6[[#This Row],[ANO]] -> 2026 | AI6: =$K$13 -> 60000 | AJ6: QUARTA-FEIRA | AK6: =$H$6 -> 0.1021038 | AL6: =Tabela69[[#This Row],[QUANTIDADE]] -> 5 | AQ6: =Tabela6911[[#This Row],[MÊS]] -> 3 | AR6: =Tabela6911[[#This Row],[ANO]] -> 2026 | AS6: =$K$19 -> 80000 | AT6: QUARTA-FEIRA | AU6: =$H$6 -> 0.1021038 | AV6: =Tabela6911[[#This Row],[QUANTIDADE]] -> 5
B7: 46059 | C7: =UPPER(TEXT(B7,"dddd")) -> SEXTA-FEIRA | D7: =206+1569+358 -> 2133 | F7: QUINTA-FEIRA | G7: 6748 | H7: 0.19106946 | J7: FATURAMENTO | K7: ='ANÁLISE GERAL ITAPIPOCA (2026)'!G21 -> 50000 | M7: 3 | N7: =$G$1 -> 2026 | O7: =$K$2 -> 40000 | P7: QUINTA-FEIRA | Q7: =$H$7 -> 0.19106946 | R7: 5 | W7: =Tabela6[[#This Row],[MÊS]] -> 3 | X7: =Tabela6[[#This Row],[ANO]] -> 2026 | Y7: =$K$7 -> 50000 | Z7: QUINTA-FEIRA | AA7: =$H$7 -> 0.19106946 | AB7: =Tabela6[[#This Row],[QUANTIDADE]] -> 5 | AG7: =Tabela69[[#This Row],[MÊS]] -> 3 | AH7: =Tabela6[[#This Row],[ANO]] -> 2026 | AI7: =$K$13 -> 60000 | AJ7: QUINTA-FEIRA | AK7: =$H$7 -> 0.19106946 | AL7: =Tabela69[[#This Row],[QUANTIDADE]] -> 5 | AQ7: =Tabela6911[[#This Row],[MÊS]] -> 3 | AR7: =Tabela6911[[#This Row],[ANO]] -> 2026 | AS7: =$K$19 -> 80000 | AT7: QUINTA-FEIRA | AU7: =$H$7 -> 0.19106946 | AV7: =Tabela6911[[#This Row],[QUANTIDADE]] -> 5
B8: 46060 | C8: =UPPER(TEXT(B8,"dddd")) -> SÁBADO | D8: =186+1056+1404 -> 2646 | F8: SEXTA-FEIRA | G8: 10218 | H8: 0.28932242 | J8: DIAS ÚTEIS | K8: =K3 -> 26 | M8: 3 | N8: =$G$1 -> 2026 | O8: =$K$2 -> 40000 | P8: SEXTA-FEIRA | Q8: =$H$8 -> 0.28932242 | R8: 4 | W8: =Tabela6[[#This Row],[MÊS]] -> 3 | X8: =Tabela6[[#This Row],[ANO]] -> 2026 | Y8: =$K$7 -> 50000 | Z8: SEXTA-FEIRA | AA8: =$H$8 -> 0.28932242 | AB8: =Tabela6[[#This Row],[QUANTIDADE]] -> 4 | AG8: =Tabela69[[#This Row],[MÊS]] -> 3 | AH8: =Tabela6[[#This Row],[ANO]] -> 2026 | AI8: =$K$13 -> 60000 | AJ8: SEXTA-FEIRA | AK8: =$H$8 -> 0.28932242 | AL8: =Tabela69[[#This Row],[QUANTIDADE]] -> 4 | AQ8: =Tabela6911[[#This Row],[MÊS]] -> 3 | AR8: =Tabela6911[[#This Row],[ANO]] -> 2026 | AS8: =$K$19 -> 80000 | AT8: SEXTA-FEIRA | AU8: =$H$8 -> 0.28932242 | AV8: =Tabela6911[[#This Row],[QUANTIDADE]] -> 4
B9: 46061 | C9: =UPPER(TEXT(B9,"dddd")) -> DOMINGO | D9: =351+882+692 -> 1925 | F9: SÁBADO | G9: 5044 | H9: 0.14282074 | J9: MÉDIA/ DIA | K9: =K7/K8 -> 1923.0769 | M9: 3 | N9: =$G$1 -> 2026 | O9: =$K$2 -> 40000 | P9: SÁBADO | Q9: =$H$9 -> 0.14282074 | R9: 4 | W9: =Tabela6[[#This Row],[MÊS]] -> 3 | X9: =Tabela6[[#This Row],[ANO]] -> 2026 | Y9: =$K$7 -> 50000 | Z9: SÁBADO | AA9: =$H$9 -> 0.14282074 | AB9: =Tabela6[[#This Row],[QUANTIDADE]] -> 4 | AG9: =Tabela69[[#This Row],[MÊS]] -> 3 | AH9: =Tabela6[[#This Row],[ANO]] -> 2026 | AI9: =$K$13 -> 60000 | AJ9: SÁBADO | AK9: =$H$9 -> 0.14282074 | AL9: =Tabela69[[#This Row],[QUANTIDADE]] -> 4 | AQ9: =Tabela6911[[#This Row],[MÊS]] -> 3 | AR9: =Tabela6911[[#This Row],[ANO]] -> 2026 | AS9: =$K$19 -> 80000 | AT9: SÁBADO | AU9: =$H$9 -> 0.14282074 | AV9: =Tabela6911[[#This Row],[QUANTIDADE]] -> 4
B10: 46062 | C10: =UPPER(TEXT(B10,"dddd")) -> SEGUNDA-FEIRA | F10: (vazio) | H10: 0 | M10: Total | Q10: =SUBTOTAL(109,Tabela6[PERCENTUAL DE REPRESENTATIVIDADE]) -> 1 | R10: =SUBTOTAL(109,Tabela6[QUANTIDADE]) -> 30 | W10: Total | AA10: =SUBTOTAL(109,Tabela69[PERCENTUAL DE REPRESENTATIVIDADE]) -> 1 | AB10: =SUBTOTAL(109,Tabela69[QUANTIDADE]) -> 30 | AG10: Total | AK10: =SUBTOTAL(109,Tabela6911[PERCENTUAL DE REPRESENTATIVIDADE]) -> 1 | AL10: =SUBTOTAL(109,Tabela6911[QUANTIDADE]) -> 30 | AQ10: Total | AU10: =SUBTOTAL(109,Tabela691113[PERCENTUAL DE REPRESENTATIVIDADE]) -> 1 | AV10: =SUBTOTAL(109,Tabela691113[QUANTIDADE]) -> 30
B11: 46063 | C11: =UPPER(TEXT(B11,"dddd")) -> TERÇA-FEIRA | D11: =1033+508+857 -> 2398 | F11: Total Geral | G11: 35317 | H11: 1
B12: 46064 | C12: =UPPER(TEXT(B12,"dddd")) -> QUARTA-FEIRA | D12: =120+180+796 -> 1096 | J12: TOP 2
B13: 46065 | C13: =UPPER(TEXT(B13,"dddd")) -> QUINTA-FEIRA | D13: =43+397 -> 440 | J13: FATURAMENTO | K13: 60000 | M13: MÊS | N13: ANO | O13: META MENSAL | P13: DIA DA SEMANA | Q13: VALOR DO DIA DA SEMANA | R13: QUANTIDADE | W13: MÊS | X13: ANO | Y13: META MENSAL | Z13: DIA DA SEMANA | AA13: VALOR DO DIA DA SEMANA | AB13: QUANTIDADE | AG13: MÊS | AH13: ANO | AI13: META MENSAL | AJ13: DIA DA SEMANA | AK13: VALOR DO DIA DA SEMANA | AL13: QUANTIDADE | AQ13: MÊS | AR13: ANO | AS13: META MENSAL | AT13: DIA DA SEMANA | AU13: VALOR DO DIA DA SEMANA | AV13: QUANTIDADE
B14: 46066 | C14: =UPPER(TEXT(B14,"dddd")) -> SEXTA-FEIRA | D14: =228+1825+391 -> 2444 | J14: DIAS ÚTEIS | K14: =K8 -> 26 | M14: =M3 -> 3 | N14: =N3 -> 2026 | O14: =O3 -> 40000 | P14: DOMINGO | Q14: =(O3*Q3)/Tabela68[[#This Row],[QUANTIDADE]] -> 0 | R14: =R3 -> 4 | W14: =W3 -> 3 | X14: =X3 -> 2026 | Y14: =Y3 -> 50000 | Z14: DOMINGO | AA14: =(Y3*AA3)/Tabela6810[[#This Row],[QUANTIDADE]] -> 0 | AB14: =AB3 -> 4 | AG14: =AG3 -> 3 | AH14: =AH3 -> 2026 | AI14: =AI3 -> 60000 | AJ14: DOMINGO | AK14: =(AI3*AK3)/Tabela681012[[#This Row],[QUANTIDADE]] -> 0 | AL14: =AL3 -> 4 | AQ14: =AQ3 -> 3 | AR14: =AR3 -> 2026 | AS14: =AS3 -> 80000 | AT14: DOMINGO | AU14: =(AS3*AU3)/Tabela68101214[[#This Row],[QUANTIDADE]] -> 0 | AV14: =AV3 -> 4
B15: 46067 | C15: =UPPER(TEXT(B15,"dddd")) -> SÁBADO | D15: =705+10+1572 -> 2287 | J15: MÉDIA/ DIA | K15: =K13/K14 -> 2307.6923 | M15: =M4 -> 3 | N15: =N4 -> 2026 | O15: =O4 -> 40000 | P15: SEGUNDA-FEIRA | Q15: =(O4*Q4)/Tabela68[[#This Row],[QUANTIDADE]] -> 1463.3179 | R15: =R4 -> 4 | W15: =W4 -> 3 | X15: =X4 -> 2026 | Y15: =Y4 -> 50000 | Z15: SEGUNDA-FEIRA | AA15: =(Y4*AA4)/Tabela6810[[#This Row],[QUANTIDADE]] -> 1829.1474 | AB15: =AB4 -> 4 | AG15: =AG4 -> 3 | AH15: =AH4 -> 2026 | AI15: =AI4 -> 60000 | AJ15: SEGUNDA-FEIRA | AK15: =(AI4*AK4)/Tabela681012[[#This Row],[QUANTIDADE]] -> 2194.9769 | AL15: =AL4 -> 4 | AQ15: =AQ4 -> 3 | AR15: =AR4 -> 2026 | AS15: =AS4 -> 80000 | AT15: SEGUNDA-FEIRA | AU15: =(AS4*AU4)/Tabela68101214[[#This Row],[QUANTIDADE]] -> 2926.6359 | AV15: =AV4 -> 4
B16: 46068 | C16: =UPPER(TEXT(B16,"dddd")) -> DOMINGO | D16: =248+376+157+59 -> 840 | M16: =M5 -> 3 | N16: =N5 -> 2026 | O16: =O5 -> 40000 | P16: TERÇA-FEIRA | Q16: =(O5*Q5)/Tabela68[[#This Row],[QUANTIDADE]] -> 1283.5179 | R16: =R5 -> 4 | W16: =W5 -> 3 | X16: =X5 -> 2026 | Y16: =Y5 -> 50000 | Z16: TERÇA-FEIRA | AA16: =(Y5*AA5)/Tabela6810[[#This Row],[QUANTIDADE]] -> 1604.3973 | AB16: =AB5 -> 4 | AG16: =AG5 -> 3 | AH16: =AH5 -> 2026 | AI16: =AI5 -> 60000 | AJ16: TERÇA-FEIRA | AK16: =(AI5*AK5)/Tabela681012[[#This Row],[QUANTIDADE]] -> 1925.2768 | AL16: =AL5 -> 4 | AQ16: =AQ5 -> 3 | AR16: =AR5 -> 2026 | AS16: =AS5 -> 80000 | AT16: TERÇA-FEIRA | AU16: =(AS5*AU5)/Tabela68101214[[#This Row],[QUANTIDADE]] -> 2567.0357 | AV16: =AV5 -> 4
B17: 46069 | C17: =UPPER(TEXT(B17,"dddd")) -> SEGUNDA-FEIRA | M17: =M6 -> 3 | N17: =N6 -> 2026 | O17: =O6 -> 40000 | P17: QUARTA-FEIRA | Q17: =(O6*Q6)/Tabela68[[#This Row],[QUANTIDADE]] -> 816.83042 | R17: =R6 -> 5 | W17: =W6 -> 3 | X17: =X6 -> 2026 | Y17: =Y6 -> 50000 | Z17: QUARTA-FEIRA | AA17: =(Y6*AA6)/Tabela6810[[#This Row],[QUANTIDADE]] -> 1021.038 | AB17: =AB6 -> 5 | AG17: =AG6 -> 3 | AH17: =AH6 -> 2026 | AI17: =AI6 -> 60000 | AJ17: QUARTA-FEIRA | AK17: =(AI6*AK6)/Tabela681012[[#This Row],[QUANTIDADE]] -> 1225.2456 | AL17: =AL6 -> 5 | AQ17: =AQ6 -> 3 | AR17: =AR6 -> 2026 | AS17: =AS6 -> 80000 | AT17: QUARTA-FEIRA | AU17: =(AS6*AU6)/Tabela68101214[[#This Row],[QUANTIDADE]] -> 1633.6608 | AV17: =AV6 -> 5
B18: 46070 | C18: =UPPER(TEXT(B18,"dddd")) -> TERÇA-FEIRA | D18: =79+609 -> 688 | J18: MASTER | M18: =M7 -> 3 | N18: =N7 -> 2026 | O18: =O7 -> 40000 | P18: QUINTA-FEIRA | Q18: =(O7*Q7)/Tabela68[[#This Row],[QUANTIDADE]] -> 1528.5557 | R18: =R7 -> 5 | W18: =W7 -> 3 | X18: =X7 -> 2026 | Y18: =Y7 -> 50000 | Z18: QUINTA-FEIRA | AA18: =(Y7*AA7)/Tabela6810[[#This Row],[QUANTIDADE]] -> 1910.6946 | AB18: =AB7 -> 5 | AG18: =AG7 -> 3 | AH18: =AH7 -> 2026 | AI18: =AI7 -> 60000 | AJ18: QUINTA-FEIRA | AK18: =(AI7*AK7)/Tabela681012[[#This Row],[QUANTIDADE]] -> 2292.8335 | AL18: =AL7 -> 5 | AQ18: =AQ7 -> 3 | AR18: =AR7 -> 2026 | AS18: =AS7 -> 80000 | AT18: QUINTA-FEIRA | AU18: =(AS7*AU7)/Tabela68101214[[#This Row],[QUANTIDADE]] -> 3057.1113 | AV18: =AV7 -> 5
B19: 46071 | C19: =UPPER(TEXT(B19,"dddd")) -> QUARTA-FEIRA | D19: =199+962 -> 1161 | J19: FATURAMENTO | K19: 80000 | M19: =M8 -> 3 | N19: =N8 -> 2026 | O19: =O8 -> 40000 | P19: SEXTA-FEIRA | Q19: =(O8*Q8)/Tabela68[[#This Row],[QUANTIDADE]] -> 2893.2242 | R19: =R8 -> 4 | W19: =W8 -> 3 | X19: =X8 -> 2026 | Y19: =Y8 -> 50000 | Z19: SEXTA-FEIRA | AA19: =(Y8*AA8)/Tabela6810[[#This Row],[QUANTIDADE]] -> 3616.5303 | AB19: =AB8 -> 4 | AG19: =AG8 -> 3 | AH19: =AH8 -> 2026 | AI19: =AI8 -> 60000 | AJ19: SEXTA-FEIRA | AK19: =(AI8*AK8)/Tabela681012[[#This Row],[QUANTIDADE]] -> 4339.8363 | AL19: =AL8 -> 4 | AQ19: =AQ8 -> 3 | AR19: =AR8 -> 2026 | AS19: =AS8 -> 80000 | AT19: SEXTA-FEIRA | AU19: =(AS8*AU8)/Tabela68101214[[#This Row],[QUANTIDADE]] -> 5786.4485 | AV19: =AV8 -> 4
B20: 46072 | C20: =UPPER(TEXT(B20,"dddd")) -> QUINTA-FEIRA | D20: =403+525 -> 928 | J20: DIAS ÚTEIS | K20: =K14 -> 26 | M20: =M9 -> 3 | N20: =N9 -> 2026 | O20: =O9 -> 40000 | P20: SÁBADO | Q20: =(O9*Q9)/Tabela68[[#This Row],[QUANTIDADE]] -> 1428.2074 | R20: =R9 -> 4 | W20: =W9 -> 3 | X20: =X9 -> 2026 | Y20: =Y9 -> 50000 | Z20: SÁBADO | AA20: =(Y9*AA9)/Tabela6810[[#This Row],[QUANTIDADE]] -> 1785.2592 | AB20: =AB9 -> 4 | AG20: =AG9 -> 3 | AH20: =AH9 -> 2026 | AI20: =AI9 -> 60000 | AJ20: SÁBADO | AK20: =(AI9*AK9)/Tabela681012[[#This Row],[QUANTIDADE]] -> 2142.3111 | AL20: =AL9 -> 4 | AQ20: =AQ9 -> 3 | AR20: =AR9 -> 2026 | AS20: =AS9 -> 80000 | AT20: SÁBADO | AU20: =(AS9*AU9)/Tabela68101214[[#This Row],[QUANTIDADE]] -> 2856.4148 | AV20: =AV9 -> 4
B21: 46073 | C21: =UPPER(TEXT(B21,"dddd")) -> SEXTA-FEIRA | D21: =138+741+263 -> 1142 | J21: MÉDIA/ DIA | K21: =K19/K20 -> 3076.9231
B22: 46074 | C22: =UPPER(TEXT(B22,"dddd")) -> SÁBADO | D22: =307+1087+579 -> 1973
B23: 46075 | C23: =UPPER(TEXT(B23,"dddd")) -> DOMINGO | D23: =144+166+754 -> 1064
B24: 46076 | C24: =UPPER(TEXT(B24,"dddd")) -> SEGUNDA-FEIRA
B25: 46077 | C25: =UPPER(TEXT(B25,"dddd")) -> TERÇA-FEIRA | D25: =494+59 -> 553
B26: 46078 | C26: =UPPER(TEXT(B26,"dddd")) -> QUARTA-FEIRA | D26: =1+313+0+743 -> 1057
B27: 46079 | C27: =UPPER(TEXT(B27,"dddd")) -> QUINTA-FEIRA | D27: =190+228+0+1066 -> 1484
B28: 46080 | C28: =UPPER(TEXT(B28,"dddd")) -> SEXTA-FEIRA | D28: =169+761+99 -> 1029
B29: 46081 | C29: =UPPER(TEXT(B29,"dddd")) -> SÁBADO | D29: =2964+348 -> 3312
B30: 46051 | C30: =UPPER(TEXT(B30,"dddd")) -> QUINTA-FEIRA
B31: 46052 | C31: =UPPER(TEXT(B31,"dddd")) -> SEXTA-FEIRA
B32: 46053 | C32: =UPPER(TEXT(B32,"dddd")) -> SÁBADO | M32: DISTRIBUIÇÃO DA META | W32: DISTRIBUIÇÃO DA META | AG32: DISTRIBUIÇÃO DA META | AQ32: DISTRIBUIÇÃO DA META
D35: =SUM(D2:D33) -> 35317 | N35: SEMANA 1 | Q35: SEMANA 2 | T35: SEMANA 3 | X35: SEMANA 1 | AA35: SEMANA 2 | AD35: SEMANA 3 | AH35: SEMANA 1 | AK35: SEMANA 2 | AN35: SEMANA 3 | AR35: SEMANA 1 | AU35: SEMANA 2 | AX35: SEMANA 3
M36: NÃO | N36: DOMINGO | O36: =IF(M36="SIM",$Q$14,"") | P36: NÃO | Q36: DOMINGO | R36: =IF(P36="SIM",$Q$14,"") | S36: SIM | T36: DOMINGO | U36: =IF(S36="SIM",$Q$14,"") -> 0 | W36: =M36 -> NÃO | X36: DOMINGO | Y36: =IF(W36="SIM",$AA$14,"") | Z36: =P36 -> NÃO | AA36: DOMINGO | AB36: =IF(Z36="SIM",$AA$14,"") | AC36: =S36 -> SIM | AD36: DOMINGO | AE36: =IF(AC36="SIM",$Q$14,"") -> 0 | AG36: =W36 -> NÃO | AH36: DOMINGO | AI36: =IF(AG36="SIM",$AK$14,"") | AJ36: =Z36 -> NÃO | AK36: DOMINGO | AL36: =IF(AJ36="SIM",$AK$14,"") | AM36: =AC36 -> SIM | AN36: DOMINGO | AO36: =IF(AM36="SIM",$AK$14,"") -> 0 | AQ36: =AG36 -> NÃO | AR36: DOMINGO | AS36: =IF(AQ36="SIM",$AU$14,"") | AT36: =AJ36 -> NÃO | AU36: DOMINGO | AV36: =IF(AT36="SIM",$AU$14,"") | AW36: =AM36 -> SIM | AX36: DOMINGO | AY36: =IF(AW36="SIM",$AU$14,"") -> 0
M37: NÃO | N37: SEGUNDA-FEIRA | O37: =IF(M37="SIM",$Q$15,"") | P37: SIM | Q37: SEGUNDA-FEIRA | R37: =IF(P37="SIM",$Q$15,"") -> 1463.3179 | S37: SIM | T37: SEGUNDA-FEIRA | U37: =IF(S37="SIM",$Q$15,"") -> 1463.3179 | W37: =M37 -> NÃO | X37: SEGUNDA-FEIRA | Y37: =IF(W37="SIM",$AA$15,"") | Z37: =P37 -> SIM | AA37: SEGUNDA-FEIRA | AB37: =IF(Z37="SIM",$AA$15,"") -> 1829.1474 | AC37: =S37 -> SIM | AD37: SEGUNDA-FEIRA | AE37: =IF(AC37="SIM",AA15,"") -> 1829.1474 | AG37: =W37 -> NÃO | AH37: SEGUNDA-FEIRA | AI37: =IF(AG37="SIM",$AK$15,"") | AJ37: =Z37 -> SIM | AK37: SEGUNDA-FEIRA | AL37: =IF(AJ37="SIM",$AK$15,"") -> 2194.9769 | AM37: =AC37 -> SIM | AN37: SEGUNDA-FEIRA | AO37: =IF(AM37="SIM",$AK$15,"") -> 2194.9769 | AQ37: =AG37 -> NÃO | AR37: SEGUNDA-FEIRA | AS37: =IF(AQ37="SIM",$AU$15,"") | AT37: =AJ37 -> SIM | AU37: SEGUNDA-FEIRA | AV37: =IF(AT37="SIM",$AU$15,"") -> 2926.6359 | AW37: =AM37 -> SIM | AX37: SEGUNDA-FEIRA | AY37: =IF(AW37="SIM",$AU$15,"") -> 2926.6359
M38: NÃO | N38: TERÇA-FEIRA | O38: =IF(M38="SIM",$Q$16,"") | P38: SIM | Q38: TERÇA-FEIRA | R38: =IF(P38="SIM",$Q$16,"") -> 1283.5179 | S38: SIM | T38: TERÇA-FEIRA | U38: =IF(S38="SIM",$Q$16,"") -> 1283.5179 | W38: =M38 -> NÃO | X38: TERÇA-FEIRA | Y38: =IF(W38="SIM",$AA$16,"") | Z38: =P38 -> SIM | AA38: TERÇA-FEIRA | AB38: =IF(Z38="SIM",$AA$16,"") -> 1604.3973 | AC38: =S38 -> SIM | AD38: TERÇA-FEIRA | AE38: =IF(AC38="SIM",AA16,"") -> 1604.3973 | AG38: =W38 -> NÃO | AH38: TERÇA-FEIRA | AI38: =IF(AG38="SIM",$AK$16,"") | AJ38: =Z38 -> SIM | AK38: TERÇA-FEIRA | AL38: =IF(AJ38="SIM",$AK$16,"") -> 1925.2768 | AM38: =AC38 -> SIM | AN38: TERÇA-FEIRA | AO38: =IF(AM38="SIM",$AK$16,"") -> 1925.2768 | AQ38: =AG38 -> NÃO | AR38: TERÇA-FEIRA | AS38: =IF(AQ38="SIM",$AU$16,"") | AT38: =AJ38 -> SIM | AU38: TERÇA-FEIRA | AV38: =IF(AT38="SIM",$AU$16,"") -> 2567.0357 | AW38: =AM38 -> SIM | AX38: TERÇA-FEIRA | AY38: =IF(AW38="SIM",$AU$16,"") -> 2567.0357
M39: SIM | N39: QUARTA-FEIRA | O39: =IF(M39="SIM",$Q$17,"") -> 816.83042 | P39: SIM | Q39: QUARTA-FEIRA | R39: =IF(P39="SIM",$Q$17,"") -> 816.83042 | S39: SIM | T39: QUARTA-FEIRA | U39: =IF(S39="SIM",$Q$17,"") -> 816.83042 | W39: =M39 -> SIM | X39: QUARTA-FEIRA | Y39: =IF(W39="SIM",$AA$17,"") -> 1021.038 | Z39: =P39 -> SIM | AA39: QUARTA-FEIRA | AB39: =IF(Z39="SIM",$AA$17,"") -> 1021.038 | AC39: =S39 -> SIM | AD39: QUARTA-FEIRA | AE39: =IF(AC39="SIM",AA17,"") -> 1021.038 | AG39: =W39 -> SIM | AH39: QUARTA-FEIRA | AI39: =IF(AG39="SIM",$AK$17,"") -> 1225.2456 | AJ39: =Z39 -> SIM | AK39: QUARTA-FEIRA | AL39: =IF(AJ39="SIM",$AK$17,"") -> 1225.2456 | AM39: =AC39 -> SIM | AN39: QUARTA-FEIRA | AO39: =IF(AM39="SIM",$AK$17,"") -> 1225.2456 | AQ39: =AG39 -> SIM | AR39: QUARTA-FEIRA | AS39: =IF(AQ39="SIM",$AU$17,"") -> 1633.6608 | AT39: =AJ39 -> SIM | AU39: QUARTA-FEIRA | AV39: =IF(AT39="SIM",$AU$17,"") -> 1633.6608 | AW39: =AM39 -> SIM | AX39: QUARTA-FEIRA | AY39: =IF(AW39="SIM",$AU$17,"") -> 1633.6608
M40: SIM | N40: QUINTA-FEIRA | O40: =IF(M40="SIM",$Q$18,"") -> 1528.5557 | P40: SIM | Q40: QUINTA-FEIRA | R40: =IF(P40="SIM",$Q$18,"") -> 1528.5557 | S40: SIM | T40: QUINTA-FEIRA | U40: =IF(S40="SIM",$Q$18,"") -> 1528.5557 | W40: =M40 -> SIM | X40: QUINTA-FEIRA | Y40: =IF(W40="SIM",$AA$18,"") -> 1910.6946 | Z40: =P40 -> SIM | AA40: QUINTA-FEIRA | AB40: =IF(Z40="SIM",$AA$18,"") -> 1910.6946 | AC40: =S40 -> SIM | AD40: QUINTA-FEIRA | AE40: =IF(AC40="SIM",AA18,"") -> 1910.6946 | AG40: =W40 -> SIM | AH40: QUINTA-FEIRA | AI40: =IF(AG40="SIM",$AK$18,"") -> 2292.8335 | AJ40: =Z40 -> SIM | AK40: QUINTA-FEIRA | AL40: =IF(AJ40="SIM",$AK$18,"") -> 2292.8335 | AM40: =AC40 -> SIM | AN40: QUINTA-FEIRA | AO40: =IF(AM40="SIM",$AK$18,"") -> 2292.8335 | AQ40: =AG40 -> SIM | AR40: QUINTA-FEIRA | AS40: =IF(AQ40="SIM",$AU$18,"") -> 3057.1113 | AT40: =AJ40 -> SIM | AU40: QUINTA-FEIRA | AV40: =IF(AT40="SIM",$AU$18,"") -> 3057.1113 | AW40: =AM40 -> SIM | AX40: QUINTA-FEIRA | AY40: =IF(AW40="SIM",$AU$18,"") -> 3057.1113
M41: SIM | N41: SEXTA-FEIRA | O41: =IF(M41="SIM",$Q$19,"") -> 2893.2242 | P41: SIM | Q41: SEXTA-FEIRA | R41: =IF(P41="SIM",$Q$19,"") -> 2893.2242 | S41: SIM | T41: SEXTA-FEIRA | U41: =IF(S41="SIM",$Q$19,"") -> 2893.2242 | W41: =M41 -> SIM | X41: SEXTA-FEIRA | Y41: =IF(W41="SIM",$AA$19,"") -> 3616.5303 | Z41: =P41 -> SIM | AA41: SEXTA-FEIRA | AB41: =IF(Z41="SIM",$AA$19,"") -> 3616.5303 | AC41: =S41 -> SIM | AD41: SEXTA-FEIRA | AE41: =IF(AC41="SIM",AA19,"") -> 3616.5303 | AG41: =W41 -> SIM | AH41: SEXTA-FEIRA | AI41: =IF(AG41="SIM",$AK$19,"") -> 4339.8363 | AJ41: =Z41 -> SIM | AK41: SEXTA-FEIRA | AL41: =IF(AJ41="SIM",$AK$19,"") -> 4339.8363 | AM41: =AC41 -> SIM | AN41: SEXTA-FEIRA | AO41: =IF(AM41="SIM",$AK$19,"") -> 4339.8363 | AQ41: =AG41 -> SIM | AR41: SEXTA-FEIRA | AS41: =IF(AQ41="SIM",$AU$19,"") -> 5786.4485 | AT41: =AJ41 -> SIM | AU41: SEXTA-FEIRA | AV41: =IF(AT41="SIM",$AU$19,"") -> 5786.4485 | AW41: =AM41 -> SIM | AX41: SEXTA-FEIRA | AY41: =IF(AW41="SIM",$AU$19,"") -> 5786.4485
M42: SIM | N42: SÁBADO | O42: =IF(M42="SIM",$Q$20,"") -> 1428.2074 | P42: SIM | Q42: SÁBADO | R42: =IF(P42="SIM",$Q$20,"") -> 1428.2074 | S42: SIM | T42: SÁBADO | U42: =IF(S42="SIM",$Q$20,"") -> 1428.2074 | W42: =M42 -> SIM | X42: SÁBADO | Y42: =IF(W42="SIM",$AA$20,"") -> 1785.2592 | Z42: =P42 -> SIM | AA42: SÁBADO | AB42: =IF(Z42="SIM",$AA$20,"") -> 1785.2592 | AC42: =S42 -> SIM | AD42: SÁBADO | AE42: =IF(AC42="SIM",AA20,"") -> 1785.2592 | AG42: =W42 -> SIM | AH42: SÁBADO | AI42: =IF(AG42="SIM",$AK$20,"") -> 2142.3111 | AJ42: =Z42 -> SIM | AK42: SÁBADO | AL42: =IF(AJ42="SIM",$AK$20,"") -> 2142.3111 | AM42: =AC42 -> SIM | AN42: SÁBADO | AO42: =IF(AM42="SIM",$AK$20,"") -> 2142.3111 | AQ42: =AG42 -> SIM | AR42: SÁBADO | AS42: =IF(AQ42="SIM",$AU$20,"") -> 2856.4148 | AT42: =AJ42 -> SIM | AU42: SÁBADO | AV42: =IF(AT42="SIM",$AU$20,"") -> 2856.4148 | AW42: =AM42 -> SIM | AX42: SÁBADO | AY42: =IF(AW42="SIM",$AU$20,"") -> 2856.4148
N44: TOTAL | O44: =SUM(O37:O42) -> 6666.8177 | Q44: TOTAL | R44: =SUM(R37:R42) -> 9413.6535 | T44: TOTAL | U44: =SUM(U37:U42) -> 9413.6535 | X44: TOTAL | Y44: =SUM(Y37:Y42) -> 8333.5221 | AA44: TOTAL | AB44: =SUM(AB37:AB42) -> 11767.067 | AD44: TOTAL | AE44: =SUM(AE37:AE42) -> 11767.067 | AH44: TOTAL | AI44: =SUM(AI37:AI42) -> 10000.227 | AK44: TOTAL | AL44: =SUM(AL37:AL42) -> 14120.48 | AN44: TOTAL | AO44: =SUM(AO37:AO42) -> 14120.48 | AR44: TOTAL | AS44: =SUM(AS37:AS42) -> 13333.635 | AU44: TOTAL | AV44: =SUM(AV37:AV42) -> 18827.307 | AX44: TOTAL | AY44: =SUM(AY37:AY42) -> 18827.307
N46: SEMANA 4 | Q46: SEMANA 5 | T46: SEMANA 6 | X46: SEMANA 4 | AA46: SEMANA 5 | AD46: SEMANA 6 | AH46: SEMANA 4 | AK46: SEMANA 5 | AN46: SEMANA 6 | AR46: SEMANA 4 | AU46: SEMANA 5 | AX46: SEMANA 6
M47: SIM | N47: DOMINGO | P47: NÃO | Q47: DOMINGO | S47: NÃO | T47: DOMINGO | W47: =M47 -> SIM | X47: DOMINGO | Y47: =IF(W47="SIM",$AA$14,"") -> 0 | Z47: =P47 -> NÃO | AA47: DOMINGO | AB47: =IF(Z47="SIM",$AA$14,"") | AC47: =S47 -> NÃO | AD47: DOMINGO | AE47: =IF(AC47="SIM",$AA$14,"") | AG47: =W47 -> SIM | AH47: DOMINGO | AI47: =IF(AG47="SIM",$AK$14,"") -> 0 | AJ47: =Z47 -> NÃO | AK47: DOMINGO | AL47: =IF(AJ47="SIM",$AK$14,"") | AM47: =AC47 -> NÃO | AN47: DOMINGO | AO47: =IF(AM47="SIM",$AA$14,"") | AQ47: =AG47 -> SIM | AR47: DOMINGO | AS47: =IF(AQ47="SIM",$AU$14,"") -> 0 | AT47: =AJ47 -> NÃO | AU47: DOMINGO | AV47: =IF(AT47="SIM",$AU$14,"") | AW47: =AM47 -> NÃO | AX47: DOMINGO | AY47: =IF(AW47="SIM",$AA$14,"")
M48: SIM | N48: SEGUNDA-FEIRA | O48: =IF(M48="SIM",$Q$15,"") -> 1463.3179 | P48: SIM | Q48: SEGUNDA-FEIRA | R48: =IF(P48="SIM",$Q$15,"") -> 1463.3179 | S48: NÃO | T48: SEGUNDA-FEIRA | U48: =IF(S48="SIM",$Q$15,"") | W48: =M48 -> SIM | X48: SEGUNDA-FEIRA | Y48: =IF(W48="SIM",$AA$15,"") -> 1829.1474 | Z48: =P48 -> SIM | AA48: SEGUNDA-FEIRA | AB48: =IF(Z48="SIM",$AA$15,"") -> 1829.1474 | AC48: =S48 -> NÃO | AD48: SEGUNDA-FEIRA | AE48: =IF(AC48="SIM",$AA$15,"") | AG48: =W48 -> SIM | AH48: SEGUNDA-FEIRA | AI48: =IF(AG48="SIM",$AK$15,"") -> 2194.9769 | AJ48: =Z48 -> SIM | AK48: SEGUNDA-FEIRA | AL48: =IF(AJ48="SIM",$AK$15,"") -> 2194.9769 | AM48: =AC48 -> NÃO | AN48: SEGUNDA-FEIRA | AO48: =IF(AM48="SIM",$AK$15,"") | AQ48: =AG48 -> SIM | AR48: SEGUNDA-FEIRA | AS48: =IF(AQ48="SIM",$AU$15,"") -> 2926.6359 | AT48: =AJ48 -> SIM | AU48: SEGUNDA-FEIRA | AV48: =IF(AT48="SIM",$AU$15,"") -> 2926.6359 | AW48: =AM48 -> NÃO | AX48: SEGUNDA-FEIRA | AY48: =IF(AW48="SIM",$AU$15,"")
M49: SIM | N49: TERÇA-FEIRA | O49: =IF(M49="SIM",$Q$16,"") -> 1283.5179 | P49: SIM | Q49: TERÇA-FEIRA | R49: =IF(P49="SIM",$Q$16,"") -> 1283.5179 | S49: NÃO | T49: TERÇA-FEIRA | U49: =IF(S49="SIM",$Q$16,"") | W49: =M49 -> SIM | X49: TERÇA-FEIRA | Y49: =IF(W49="SIM",$AA$16,"") -> 1604.3973 | Z49: =P49 -> SIM | AA49: TERÇA-FEIRA | AB49: =IF(Z49="SIM",$AA$16,"") -> 1604.3973 | AC49: =S49 -> NÃO | AD49: TERÇA-FEIRA | AE49: =IF(AC49="SIM",$AA$16,"") | AG49: =W49 -> SIM | AH49: TERÇA-FEIRA | AI49: =IF(AG49="SIM",$AK$16,"") -> 1925.2768 | AJ49: =Z49 -> SIM | AK49: TERÇA-FEIRA | AL49: =IF(AJ49="SIM",$AK$16,"") -> 1925.2768 | AM49: =AC49 -> NÃO | AN49: TERÇA-FEIRA | AO49: =IF(AM49="SIM",$AA$16,"") | AQ49: =AG49 -> SIM | AR49: TERÇA-FEIRA | AS49: =IF(AQ49="SIM",$AU$16,"") -> 2567.0357 | AT49: =AJ49 -> SIM | AU49: TERÇA-FEIRA | AV49: =IF(AT49="SIM",$AU$16,"") -> 2567.0357 | AW49: =AM49 -> NÃO | AX49: TERÇA-FEIRA | AY49: =IF(AW49="SIM",$AA$16,"")
M50: SIM | N50: QUARTA-FEIRA | O50: =IF(M50="SIM",$Q$17,"") -> 816.83042 | P50: SIM | Q50: QUARTA-FEIRA | R50: =IF(P50="SIM",$Q$17,"") -> 816.83042 | S50: NÃO | T50: QUARTA-FEIRA | U50: =IF(S50="SIM",$Q$17,"") | W50: =M50 -> SIM | X50: QUARTA-FEIRA | Y50: =IF(W50="SIM",$AA$17,"") -> 1021.038 | Z50: =P50 -> SIM | AA50: QUARTA-FEIRA | AB50: =IF(Z50="SIM",$AA$17,"") -> 1021.038 | AC50: =S50 -> NÃO | AD50: QUARTA-FEIRA | AE50: =IF(AC50="SIM",$AA$17,"") | AG50: =W50 -> SIM | AH50: QUARTA-FEIRA | AI50: =IF(AG50="SIM",$AK$17,"") -> 1225.2456 | AJ50: =Z50 -> SIM | AK50: QUARTA-FEIRA | AL50: =IF(AJ50="SIM",$AK$17,"") -> 1225.2456 | AM50: =AC50 -> NÃO | AN50: QUARTA-FEIRA | AO50: =IF(AM50="SIM",$AA$17,"") | AQ50: =AG50 -> SIM | AR50: QUARTA-FEIRA | AS50: =IF(AQ50="SIM",$AU$17,"") -> 1633.6608 | AT50: =AJ50 -> SIM | AU50: QUARTA-FEIRA | AV50: =IF(AT50="SIM",$AU$17,"") -> 1633.6608 | AW50: =AM50 -> NÃO | AX50: QUARTA-FEIRA | AY50: =IF(AW50="SIM",$AA$17,"")
M51: SIM | N51: QUINTA-FEIRA | O51: =IF(M51="SIM",$Q$18,"") -> 1528.5557 | P51: SIM | Q51: QUINTA-FEIRA | R51: =IF(P51="SIM",$Q$18,"") -> 1528.5557 | S51: NÃO | T51: QUINTA-FEIRA | U51: =IF(S51="SIM",$Q$18,"") | W51: =M51 -> SIM | X51: QUINTA-FEIRA | Y51: =IF(W51="SIM",$AA$18,"") -> 1910.6946 | Z51: =P51 -> SIM | AA51: QUINTA-FEIRA | AB51: =IF(Z51="SIM",$AA$18,"") -> 1910.6946 | AC51: =S51 -> NÃO | AD51: QUINTA-FEIRA | AE51: =IF(AC51="SIM",$AA$18,"") | AG51: =W51 -> SIM | AH51: QUINTA-FEIRA | AI51: =IF(AG51="SIM",$AK$18,"") -> 2292.8335 | AJ51: =Z51 -> SIM | AK51: QUINTA-FEIRA | AL51: =IF(AJ51="SIM",$AK$18,"") -> 2292.8335 | AM51: =AC51 -> NÃO | AN51: QUINTA-FEIRA | AO51: =IF(AM51="SIM",$AA$18,"") | AQ51: =AG51 -> SIM | AR51: QUINTA-FEIRA | AS51: =IF(AQ51="SIM",$AU$18,"") -> 3057.1113 | AT51: =AJ51 -> SIM | AU51: QUINTA-FEIRA | AV51: =IF(AT51="SIM",$AU$18,"") -> 3057.1113 | AW51: =AM51 -> NÃO | AX51: QUINTA-FEIRA | AY51: =IF(AW51="SIM",$AA$18,"")
M52: SIM | N52: SEXTA-FEIRA | O52: =IF(M52="SIM",$Q$19,"") -> 2893.2242 | P52: NÃO | Q52: SEXTA-FEIRA | R52: =IF(P52="SIM",$Q$19,"") | S52: NÃO | T52: SEXTA-FEIRA | U52: =IF(S52="SIM",$Q$19,"") | W52: =M52 -> SIM | X52: SEXTA-FEIRA | Y52: =IF(W52="SIM",$AA$19,"") -> 3616.5303 | Z52: =P52 -> NÃO | AA52: SEXTA-FEIRA | AB52: =IF(Z52="SIM",$AA$19,"") | AC52: =S52 -> NÃO | AD52: SEXTA-FEIRA | AE52: =IF(AC52="SIM",$AA$19,"") | AG52: =W52 -> SIM | AH52: SEXTA-FEIRA | AI52: =IF(AG52="SIM",$AK$19,"") -> 4339.8363 | AJ52: =Z52 -> NÃO | AK52: SEXTA-FEIRA | AL52: =IF(AJ52="SIM",$AK$19,"") | AM52: =AC52 -> NÃO | AN52: SEXTA-FEIRA | AO52: =IF(AM52="SIM",$AA$19,"") | AQ52: =AG52 -> SIM | AR52: SEXTA-FEIRA | AS52: =IF(AQ52="SIM",$AU$19,"") -> 5786.4485 | AT52: =AJ52 -> NÃO | AU52: SEXTA-FEIRA | AV52: =IF(AT52="SIM",$AU$19,"") | AW52: =AM52 -> NÃO | AX52: SEXTA-FEIRA | AY52: =IF(AW52="SIM",$AA$19,"")
M53: SIM | N53: SÁBADO | O53: =IF(M53="SIM",$Q$20,"") -> 1428.2074 | P53: NÃO | Q53: SÁBADO | R53: =IF(P53="SIM",$Q$20,"") | S53: NÃO | T53: SÁBADO | U53: =IF(S53="SIM",$Q$20,"") | W53: =M53 -> SIM | X53: SÁBADO | Y53: =IF(W53="SIM",$AA$20,"") -> 1785.2592 | Z53: =P53 -> NÃO | AA53: SÁBADO | AB53: =IF(Z53="SIM",$AA$20,"") | AC53: =S53 -> NÃO | AD53: SÁBADO | AE53: =IF(AC53="SIM",$AA$20,"") | AG53: =W53 -> SIM | AH53: SÁBADO | AI53: =IF(AG53="SIM",$AK$20,"") -> 2142.3111 | AJ53: =Z53 -> NÃO | AK53: SÁBADO | AL53: =IF(AJ53="SIM",$AK$20,"") | AM53: =AC53 -> NÃO | AN53: SÁBADO | AO53: =IF(AM53="SIM",$AA$20,"") | AQ53: =AG53 -> SIM | AR53: SÁBADO | AS53: =IF(AQ53="SIM",$AU$20,"") -> 2856.4148 | AT53: =AJ53 -> NÃO | AU53: SÁBADO | AV53: =IF(AT53="SIM",$AU$20,"") | AW53: =AM53 -> NÃO | AX53: SÁBADO | AY53: =IF(AW53="SIM",$AA$20,"")
AF54: TOTAL DO MÊS | AP54: TOTAL DO MÊS | AZ54: TOTAL DO MÊS
V55: TOTAL DO MÊS | X55: TOTAL | Y55: =SUM(Y48:Y53) -> 11767.067 | AA55: TOTAL | AB55: =SUM(AB48:AB53) -> 6365.2773 | AD55: TOTAL | AE55: =SUM(AE48:AE53) -> 0 | AF55: =AB55+Y55+Y44+AB44+AE44+AE55 -> 50000 | AH55: TOTAL | AI55: =SUM(AI48:AI53) -> 14120.48 | AK55: TOTAL | AL55: =SUM(AL48:AL53) -> 7638.3328 | AN55: TOTAL | AO55: =SUM(AO48:AO53) -> 0 | AP55: =AL55+AI55+AI44+AL44+AO44+AO55 -> 60000 | AR55: TOTAL | AS55: =SUM(AS48:AS53) -> 18827.307 | AU55: TOTAL | AV55: =SUM(AV48:AV53) -> 10184.444 | AX55: TOTAL | AY55: =SUM(AY48:AY53) -> 0 | AZ55: =AV55+AS55+AS44+AV44+AY44+AY55 -> 80000
N56: TOTAL | O56: =SUM(O48:O53) -> 9413.6535 | Q56: TOTAL | R56: =SUM(R48:R53) -> 5092.2219 | U56: =SUM(U48:U53) -> 0 | V56: =R56+O56+O44+R44+U44+U56 -> 40000
P78: -0.0039684521
P100: 0.00052243067

Sheet ANÁLISE GERAL ITAPIPOCA (2026)
C2: ITAPIPOCA | U2: Itapipoca
D3: JAN | E3: FEV | G3: MAR | I3: ABR | K3: MAI | L3: JUN | M3: JUL | O3: AGO | P3: SET | Q3: OUT | R3: NOV | S3: DEZ | T3: TOTAL | U3: Ano | V3: Fat. Máx | W3: Fat. Mín | X3: Média de Faturamento | Y3: Tícket Médio | Z3: Peças por Atendimento
C4: 2023 | D4: 19874 | E4: 14184.94 | G4: 31306.95 | I4: 24315 | K4: 61782.5 | L4: 42011 | M4: 33355 | O4: 41895 | P4: 33729.1 | Q4: 32190 | R4: 66009 | S4: 93436 | T4: =SUM(D4:S4) -> 494088.49 | U4: 2023 | V4: =MAX(D4:S4) -> 93436 | W4: =MIN(D4:S4) -> 14184.94 | X4: =AVERAGE(D4:S4) -> 41174.041
C5: 2024 | D5: 18528 | E5: 25658.7 | G5: 48575.6 | I5: 66407.9 | K5: 68016.9 | L5: 53766.9 | M5: 76693 | O5: 55215.5 | P5: =104015.6-60621 -> 43394.6 | Q5: 30796 | R5: 69122.2 | S5: 108361.6 | T5: =SUM(D5:S5) -> 664536.9 | U5: 2024 | V5: =MAX(D5:S5) -> 108361.6 | W5: =MIN(D5:S5) -> 18528 | X5: =AVERAGE(D5:S5) -> 55378.075
C6: TAXA DE CRESCIMENTO 2023/2024 | D6: =D5/D4-1 -> -0.067726678 | E6: =E5/E4-1 -> 0.80886912 | G6: =G5/G4-1 -> 0.55159158 | I6: =I5/I4-1 -> 1.7311495 | K6: =K5/K4-1 -> 0.10090883 | L6: =L5/L4-1 -> 0.27982909 | M6: =M5/M4-1 -> 1.2992955 | O6: =O5/O4-1 -> 0.31794964 | P6: =P5/P4-1 -> 0.28656264 | Q6: =Q5/Q4-1 -> -0.043305374 | R6: =R5/R4-1 -> 0.047163266 | S6: =S5/S4-1 -> 0.15974143 | T6: =T5/T4-1 -> 0.34497547 | U6: 2025 | V6: =MAX(D9:S9) -> 215342.03 | W6: =MIN(D9:S9) -> 19820 | X6: =AVERAGE(D9:O9) -> 66522.675 | Y6: 288.94 | Z6: 1.991
C7: TAXA DE CRESCIMENTO ESPERADA 2025 | D7: 0.2 | E7: 0.2 | G7: 0.2 | I7: 0.2 | K7: 0.2 | L7: 0.2 | M7: 0.2 | O7: 0.2 | P7: 0.2 | Q7: 0.2 | R7: 0.2 | S7: 0.2 | T7: 0.2
C8: FATURAMENTO ESPERADO 2025 | D8: =D5*(100%+D7) -> 22233.6 | E8: =E5*(100%+E7) -> 30790.44 | G8: =G5*(100%+G7) -> 58290.72 | I8: =I5*(100%+I7) -> 79689.48 | K8: =K5*(100%+K7) -> 81620.28 | L8: =L5*(100%+L7) -> 64520.28 | M8: =M5*(100%+M7) -> 92031.6 | O8: =O5*(100%+O7) -> 66258.6 | P8: =P5*(100%+P7) -> 52073.52 | Q8: =Q5*(100%+Q7) -> 36955.2 | R8: =R5*(100%+R7) -> 82946.64 | S8: =S5*(100%+S7) -> 130033.92 | T8: =T5*(100%+T7) -> 797444.28
C9: FATURAMENTO REAL | D9: 19820 | E9: 35317 | G9: 38451.9 | I9: 82472.9 | K9: 115378.6 | L9: 62464 | M9: 101707.4 | O9: 76569.6 | P9: 109635.7 | Q9: 77294 | R9: 200669.8 | S9: 215342.03 | T9: =SUM(D9:S9) -> 1135122.9 | U9: =T9/T5-1 -> 0.70814131
C10: DIFRENÇA | D10: =D9/D8-1 -> -0.10855642 | E10: =E9/E8-1 -> 0.14701186 | G10: =G9/G8-1 -> -0.34034268 | I10: =I9/I8-1 -> 0.034928324 | K10: =K9/K8-1 -> 0.41360211 | L10: =L9/L8-1 -> -0.031870289 | M10: =M9/M8-1 -> 0.10513563 | O10: =O9/O8-1 -> 0.15561753 | P10: =P9/P8-1 -> 1.1054021 | Q10: =Q9/Q8-1 -> 1.0915595 | R10: =R9/R8-1 -> 1.4192638 | S10: =S9/S8-1 -> 0.65604505 | T10: =T9/T8-1 -> 0.42345109 | U10: 266842
C11: TAXA DE CRESCIMENTO | D11: 0.3 | E11: 0.3 | F11: 0.3 | G11: 0.3 | I11: 0.3 | K11: 0.3 | L11: 0.3 | M11: 0.3 | O11: 0.3 | P11: 0.3 | Q11: 0.3 | R11: 0.3 | S11: 0.3 | T11: 0.3
C12: 2026 | D12: =D9*1.3 -> 25766 | E12: =E9*1.3 -> 45912.1 | G12: =G9*1.3 -> 49987.47 | I12: =I9*1.3 -> 107214.77 | K12: =K9*1.3 -> 149992.18 | L12: =L9*1.3 -> 81203.2 | M12: =M9*1.3 -> 132219.62 | O12: =O9*1.3 -> 99540.48 | P12: =P9*1.3 -> 142526.41 | Q12: =Q9*1.3 -> 100482.2 | R12: =R9*1.3 -> 260870.74 | S12: =S9*1.3 -> 279944.64 | T12: =T9*1.3 -> 1475659.8
C13: FATURAMENTO REAL | D13: 56143 | E13: 68634 | G13: 98654 | T13: =SUM(D13:E13) -> 124777 | U13: =SUM(D12:E12) -> 71678.1 | V13: =T13-U13 -> 53098.9
C14: DIFERENÇA | D14: =D13/D12-1 -> 1.1789568 | E14: =E13/E12-1 -> 0.49490004 | F14: =F13/F12-1 -> #DIV/0! | G14: =G13/G12-1 -> 0.97357458 | I14: =I13/I12-1 -> -1 | K14: =K13/K12-1 -> -1 | L14: =L13/L12-1 -> -1 | M14: =M13/M12-1 -> -1 | O14: =O13/O12-1 -> -1 | P14: =P13/P12-1 -> -1 | Q14: =Q13/Q12-1 -> -1 | R14: =R13/R12-1 -> -1 | S14: =S13/S12-1 -> -1 | T14: =T13/T12-1 -> -0.91544325
C17: ITAPIPOCA - PLANO TRIMESTRAL
V18: 2024 | W18: JAN - JUL | X18: =SUM(D5:O5) -> 412862.5
D19: JAN | E19: FEV | F19: INDIVIDUAL | G19: MAR | H19: INDIVIDUAL | I19: ABR | J19: Indivdual | K19: MAI | L19: JUN | M19: JUL | N19: 3 | O19: AGO | P19: SET | Q19: OUT | R19: NOV | S19: DEZ | V19: 2025 | W19: JAN - JUL | X19: =T9 -> 1135122.9 | Y19: =X19/X18 -> 2.749397
C20: MÍNIMA | D20: 18000 | E20: 25000 | F20: 8500 | G20: 30000 | H20: =G20/3 -> 10000 | I20: 40000 | J20: =I20/3 -> 13333.333 | K20: 60000 | L20: 30000 | M20: 40000 | N20: =M20/$N$19 -> 13333.333 | O20: 40000 | P20: 30000 | Q20: 30000 | R20: 30000 | S20: 50000
C21: TOP 1 | D21: 22000 | E21: 35000 | F21: 12000 | G21: 50000 | H21: =G21/3 -> 16666.667 | I21: 50000 | J21: =I21/3 -> 16666.667 | K21: 90000 | L21: 50000 | M21: 60000 | N21: =M21/$N$19 -> 20000 | O21: 60000 | P21: 50000 | Q21: 40000 | R21: 50000 | S21: 80000 | V21: 2025 | W21: JAN - JUL | X21: =SUM(D8:O8) -> 495435 | Y21: =X19/X21 -> 2.2911642
C22: TOP 2 | D22: 26000 | E22: 45000 | F22: =E22/3 -> 15000 | G22: 70000 | H22: =G22/3 -> 23333.333 | I22: 60000 | J22: =I22/3 -> 20000 | K22: 120000 | L22: 70000 | M22: 80000 | N22: =M22/$N$19 -> 26666.667 | O22: 80000 | P22: 70000 | Q22: 50000 | R22: 70000 | S22: 130000
C23: MASTER | D23: 30000 | E23: 50000 | F23: 17000 | G23: 90000 | H23: =G23/3 -> 30000 | I23: 80000 | J23: =I23/3 -> 26666.667 | K23: 150000 | L23: 90000 | M23: 110000 | N23: =M23/$N$19 -> 36666.667 | O23: 110000 | P23: 90000 | Q23: 70000 | R23: 90000 | S23: 180000
C25: MÍNIMA | D25: =IF($D$13>D20,"BATEU","NÃO BATEU") -> BATEU | E25: =IF($E$13>E20,"BATEU","NÃO BATEU") -> BATEU | G25: =IF($G$9>G20,"BATEU","NÃO BATEU") -> BATEU | I25: =IF($I$9>I20,"BATEU","NÃO BATEU") -> BATEU | K25: =IF($K$9>K20,"BATEU","NÃO BATEU") -> BATEU | L25: =IF($L$9>L20,"BATEU","NÃO BATEU") -> BATEU | M25: =IF($M$9>M20,"BATEU","NÃO BATEU") -> BATEU | O25: =IF($O$9>O20,"BATEU","NÃO BATEU") -> BATEU | P25: =IF($P$9>P20,"BATEU","NÃO BATEU") -> BATEU | Q25: =IF($Q$9>Q20,"BATEU","NÃO BATEU") -> BATEU | R25: =IF($R$9>R20,"BATEU","NÃO BATEU") -> BATEU | S25: =IF($S$9>S20,"BATEU","NÃO BATEU") -> BATEU
C26: TOP 1 | D26: =IF($D$12>D21,"BATEU","NÃO BATEU") -> BATEU | E26: =IF($E$9>E21,"BATEU","NÃO BATEU") -> BATEU | G26: =IF($G$9>G21,"BATEU","NÃO BATEU") -> NÃO BATEU | I26: =IF($I$9>I21,"BATEU","NÃO BATEU") -> BATEU | K26: =IF($K$9>K21,"BATEU","NÃO BATEU") -> BATEU | L26: =IF($L$9>L21,"BATEU","NÃO BATEU") -> BATEU | M26: =IF($M$9>M21,"BATEU","NÃO BATEU") -> BATEU | O26: =IF($O$9>O21,"BATEU","NÃO BATEU") -> BATEU | P26: =IF($P$9>P21,"BATEU","NÃO BATEU") -> BATEU | Q26: =IF($Q$9>Q21,"BATEU","NÃO BATEU") -> BATEU | R26: =IF($R$9>R21,"BATEU","NÃO BATEU") -> BATEU | S26: =IF($S$9>S21,"BATEU","NÃO BATEU") -> BATEU
C27: TOP 2 | D27: =IF($D$13>D22,"BATEU","NÃO BATEU") -> BATEU | E27: =IF($E$13>E22,"BATEU","NÃO BATEU") -> BATEU | G27: =IF($G$9>G22,"BATEU","NÃO BATEU") -> NÃO BATEU | I27: =IF($I$9>I22,"BATEU","NÃO BATEU") -> BATEU | K27: =IF($K$9>K22,"BATEU","NÃO BATEU") -> NÃO BATEU | L27: =IF($L$9>L22,"BATEU","NÃO BATEU") -> NÃO BATEU | M27: =IF($M$9>M22,"BATEU","NÃO BATEU") -> BATEU | O27: =IF($O$9>O22,"BATEU","NÃO BATEU") -> NÃO BATEU | P27: =IF($P$9>P22,"BATEU","NÃO BATEU") -> BATEU | Q27: =IF($Q$9>Q22,"BATEU","NÃO BATEU") -> BATEU | R27: =IF($R$9>R22,"BATEU","NÃO BATEU") -> BATEU | S27: =IF($S$9>S22,"BATEU","NÃO BATEU") -> BATEU
C28: MASTER | D28: =IF($D$13>D23,"BATEU","NÃO BATEU") -> BATEU | E28: =IF($E$13>E23,"BATEU","NÃO BATEU") -> BATEU | G28: =IF($G$9>G23,"BATEU","NÃO BATEU") -> NÃO BATEU | I28: =IF($I$9>I23,"BATEU","NÃO BATEU") -> BATEU | K28: =IF($K$9>K23,"BATEU","NÃO BATEU") -> NÃO BATEU | L28: =IF($L$9>L23,"BATEU","NÃO BATEU") -> NÃO BATEU | M28: =IF($M$9>M23,"BATEU","NÃO BATEU") -> NÃO BATEU | O28: =IF($O$9>O23,"BATEU","NÃO BATEU") -> NÃO BATEU | P28: =IF($P$9>P23,"BATEU","NÃO BATEU") -> BATEU | Q28: =IF($Q$9>Q23,"BATEU","NÃO BATEU") -> BATEU | R28: =IF($R$9>R23,"BATEU","NÃO BATEU") -> BATEU | S28: =IF($S$9>S23,"BATEU","NÃO BATEU") -> BATEU
R30: NOV | S30: DEZ - Individual | T30: DEZ - Geral
R31: =R20/3 -> 10000 | S31: 16700 | T31: 50000
R32: 17000 | S32: 26700 | T32: 80000
R33: 23500 | S33: 43400 | T33: 130000
R34: =R23/3 -> 30000 | S34: =S23/3 -> 60000 | T34: 180000

Sheet dashboard

Sheet Planilha2
